Condition,MedCodeId,SNOMED_Code,SnomedCTDescriptionId,ReadCode,CleansedReadCode,Term
"Malignant neoplasms, stated or presumed to be primary, of lymphoid, haematopoietic and related tissue",2663377018,118607005,2663377018,,B613.11,"Hodgkin lymphoma, lymphocyte-rich"
"Malignant neoplasms, stated or presumed to be primary, of lymphoid, haematopoietic and related tissue",289626018,188531003,289626018,,B610800,Hodgkin's paragranuloma of lymph nodes of multiple sites
"Malignant neoplasms, stated or presumed to be primary, of lymphoid, haematopoietic and related tissue",826901000006119,188558005,289654013,,B613400,"Hodgkin's, lymphocytic-histiocytic pred axilla and arm"
"Malignant neoplasms, stated or presumed to be primary, of lymphoid, haematopoietic and related tissue",12455831000006116,52248008,310051000006114,,,"[m]hodgkin's disease, nodular sclerosis nos"
"Malignant neoplasms, stated or presumed to be primary, of lymphoid, haematopoietic and related tissue",2730231000006116,14537002,195620018,,,hodgkin lymphoma
"Malignant neoplasms, stated or presumed to be primary, of lymphoid, haematopoietic and related tissue",2730241000006114,14537002,24700011,,,hodgkin's disease
"Malignant neoplasms, stated or presumed to be primary, of lymphoid, haematopoietic and related tissue",11926831000006112,118599009,826141000006119,,,hodgkin's disease nos of intra-abdominal lymph nodes
"Malignant neoplasms, stated or presumed to be primary, of lymphoid, haematopoietic and related tissue",11926851000006116,118599009,826161000006115,,,hodgkin's disease nos of intrathoracic lymph nodes
"Malignant neoplasms, stated or presumed to be primary, of lymphoid, haematopoietic and related tissue",11926861000006120,118599009,826171000006110,,,hodgkin's disease nos of lymph nodes inguinal region and leg
"Malignant neoplasms, stated or presumed to be primary, of lymphoid, haematopoietic and related tissue",11926871000006114,118599009,826181000006113,,,hodgkin's disease nos of lymph nodes of axilla and arm
"Malignant neoplasms, stated or presumed to be primary, of lymphoid, haematopoietic and related tissue",11926881000006112,118599009,826191000006111,,,"hodgkin's disease nos of lymph nodes of head, face and neck"
"Malignant neoplasms, stated or presumed to be primary, of lymphoid, haematopoietic and related tissue",11926891000006110,118599009,826201000006114,,,hodgkin's disease nos of lymph nodes of multiple sites
"Malignant neoplasms, stated or presumed to be primary, of lymphoid, haematopoietic and related tissue",11926901000006114,118599009,826211000006112,,,hodgkin's disease nos of spleen
"Malignant neoplasms, stated or presumed to be primary, of lymphoid, haematopoietic and related tissue",4213441000006111,112687003,183342014,,,"hodgkin's disease, lymphocytic depletion"
"Malignant neoplasms, stated or presumed to be primary, of lymphoid, haematopoietic and related tissue",3169171000006110,41529000,69276015,,,"hodgkin's disease, mixed cellularity"
"Malignant neoplasms, stated or presumed to be primary, of lymphoid, haematopoietic and related tissue",3706151000006119,74189002,123200019,,,hodgkin's granuloma
"Malignant neoplasms, stated or presumed to be primary, of lymphoid, haematopoietic and related tissue",12704881000006116,118605002,826681000006115,,,hodgkin's paragranuloma
"Malignant neoplasms, stated or presumed to be primary, of lymphoid, haematopoietic and related tissue",3258391000006114,46923007,78213013,,,hodgkin's sarcoma
"Malignant neoplasms, stated or presumed to be primary, of lymphoid, haematopoietic and related tissue",11926921000006116,118607005,826991000006114,,,"hodgkin's, lymphocytic-histiocytic predominance unspec site"
"Malignant neoplasms, stated or presumed to be primary, of lymphoid, haematopoietic and related tissue",2663473018,118599009,2663473018,B61..00,B61..00,Hodgkin's disease
"Malignant neoplasms, stated or presumed to be primary, of lymphoid, haematopoietic and related tissue",1815031000006110,118599009,2663473018,B61..11,B61..11,Hodgkin lymphoma
"Malignant neoplasms, stated or presumed to be primary, of lymphoid, haematopoietic and related tissue",826681000006115,118605002,202988019,B610.00,B610.00,Hodgkin's paragranuloma
"Malignant neoplasms, stated or presumed to be primary, of lymphoid, haematopoietic and related tissue",826751000006118,93542008,154855017,B610100,B610100,"Hodgkin's paragranuloma of lymph nodes of head, face, neck"
"Malignant neoplasms, stated or presumed to be primary, of lymphoid, haematopoietic and related tissue",289621011,93493001,3635497016,B610300,B610300,Hodgkin's paragranuloma of intra-abdominal lymph nodes
"Malignant neoplasms, stated or presumed to be primary, of lymphoid, haematopoietic and related tissue",2663476014,118602004,2663476014,B611.00,B611.00,Hodgkin's granuloma
"Malignant neoplasms, stated or presumed to be primary, of lymphoid, haematopoietic and related tissue",289629013,188534006,289629013,B611100,B611100,"Hodgkin's granuloma of lymph nodes of head, face and neck"
"Malignant neoplasms, stated or presumed to be primary, of lymphoid, haematopoietic and related tissue",2663376010,118606001,2663376010,B612.00,B612.00,Hodgkin's sarcoma
"Malignant neoplasms, stated or presumed to be primary, of lymphoid, haematopoietic and related tissue",289643015,188547001,289643015,B612400,B612400,Hodgkin's sarcoma of lymph nodes of axilla and upper limb
"Malignant neoplasms, stated or presumed to be primary, of lymphoid, haematopoietic and related tissue",826261000006110,118607005,177026017,B613.00,B613.00,"Hodgkin's disease, lymphocytic-histiocytic predominance"
"Malignant neoplasms, stated or presumed to be primary, of lymphoid, haematopoietic and related tissue",826991000006114,118607005,177026017,B613000,B613000,"Hodgkin's, lymphocytic-histiocytic predominance unspec site"
"Malignant neoplasms, stated or presumed to be primary, of lymphoid, haematopoietic and related tissue",826951000006115,188554007,289650016,B613100,B613100,"Hodgkin's, lymphocytic-histiocytic pred of head, face, neck"
"Malignant neoplasms, stated or presumed to be primary, of lymphoid, haematopoietic and related tissue",826941000006117,93495008,154777010,B613200,B613200,"Hodgkin's, lymphocytic-histiocytic pred intrathoracic nodes"
"Malignant neoplasms, stated or presumed to be primary, of lymphoid, haematopoietic and related tissue",826921000006112,93493001,154775019,B613300,B613300,"Hodgkin's, lymphocytic-histiocytic pred intra-abdominal node"
"Malignant neoplasms, stated or presumed to be primary, of lymphoid, haematopoietic and related tissue",826911000006116,188559002,289655014,B613500,B613500,"Hodgkin's, lymphocytic-histiocytic pred inguinal and leg"
"Malignant neoplasms, stated or presumed to be primary, of lymphoid, haematopoietic and related tissue",826931000006110,93494007,154776018,B613600,B613600,"Hodgkin's, lymphocytic-histiocytic pred intrapelvic nodes"
"Malignant neoplasms, stated or presumed to be primary, of lymphoid, haematopoietic and related tissue",289657018,93500006,154785018,B613700,B613700,"Hodgkin's, lymphocytic-histiocytic predominance of spleen"
"Malignant neoplasms, stated or presumed to be primary, of lymphoid, haematopoietic and related tissue",826961000006118,188562004,289658011,B613800,B613800,"Hodgkin's, lymphocytic-histiocytic pred of multiple sites"
"Malignant neoplasms, stated or presumed to be primary, of lymphoid, haematopoietic and related tissue",289659015,118607005,177026017,B613z00,B613z00,"Hodgkin's, lymphocytic-histiocytic predominance NOS"
"Malignant neoplasms, stated or presumed to be primary, of lymphoid, haematopoietic and related tissue",1220414014,118608000,1220414014,B614.00,B614.00,"Hodgkin's disease, nodular sclerosis"
"Malignant neoplasms, stated or presumed to be primary, of lymphoid, haematopoietic and related tissue",289660013,118608000,177027014,B614000,B614000,"Hodgkin's disease, nodular sclerosis of unspecified site"
"Malignant neoplasms, stated or presumed to be primary, of lymphoid, haematopoietic and related tissue",826611000006110,188565002,289661012,B614100,B614100,"Hodgkin's nodular sclerosis of head, face and neck"
"Malignant neoplasms, stated or presumed to be primary, of lymphoid, haematopoietic and related tissue",826651000006111,188566001,289662017,B614200,B614200,Hodgkin's nodular sclerosis of intrathoracic lymph nodes
"Malignant neoplasms, stated or presumed to be primary, of lymphoid, haematopoietic and related tissue",826631000006116,188567005,289663010,B614300,B614300,Hodgkin's nodular sclerosis of intra-abdominal lymph nodes
"Malignant neoplasms, stated or presumed to be primary, of lymphoid, haematopoietic and related tissue",826661000006113,188568000,289664016,B614400,B614400,Hodgkin's nodular sclerosis of lymph nodes of axilla and arm
"Malignant neoplasms, stated or presumed to be primary, of lymphoid, haematopoietic and related tissue",154811011,93518009,154811011,B614700,B614700,"Hodgkin's disease, nodular sclerosis of spleen"
"Malignant neoplasms, stated or presumed to be primary, of lymphoid, haematopoietic and related tissue",826671000006118,188572001,289668018,B614800,B614800,Hodgkin's nodular sclerosis of lymph nodes of multiple sites
"Malignant neoplasms, stated or presumed to be primary, of lymphoid, haematopoietic and related tissue",289669014,118608000,177027014,B614z00,B614z00,"Hodgkin's disease, nodular sclerosis NOS"
"Malignant neoplasms, stated or presumed to be primary, of lymphoid, haematopoietic and related tissue",2663461018,118609008,2663461018,B615.00,B615.00,"Hodgkin's disease, mixed cellularity"
"Malignant neoplasms, stated or presumed to be primary, of lymphoid, haematopoietic and related tissue",289670010,118609008,177028016,B615000,B615000,"Hodgkin's disease, mixed cellularity of unspecified site"
"Malignant neoplasms, stated or presumed to be primary, of lymphoid, haematopoietic and related tissue",826571000006117,188575004,289671014,B615100,B615100,"Hodgkin's mixed cellularity of lymph nodes head, face, neck"
"Malignant neoplasms, stated or presumed to be primary, of lymphoid, haematopoietic and related tissue",826561000006112,188576003,289672019,B615200,B615200,Hodgkin's mixed cellularity of intrathoracic lymph nodes
"Malignant neoplasms, stated or presumed to be primary, of lymphoid, haematopoietic and related tissue",826581000006119,188579005,289675017,B615500,B615500,Hodgkin's mixed cellularity of lymph nodes inguinal and leg
"Malignant neoplasms, stated or presumed to be primary, of lymphoid, haematopoietic and related tissue",289679011,118609008,177028016,B615z00,B615z00,"Hodgkin's disease, mixed cellularity NOS"
"Malignant neoplasms, stated or presumed to be primary, of lymphoid, haematopoietic and related tissue",2663187010,118610003,2663187010,B616.00,B616.00,"Hodgkin's disease, lymphocytic depletion"
"Malignant neoplasms, stated or presumed to be primary, of lymphoid, haematopoietic and related tissue",289680014,118610003,177029012,B616000,B616000,Hodgkin's lymphocytic depletion of unspecified site
"Malignant neoplasms, stated or presumed to be primary, of lymphoid, haematopoietic and related tissue",826471000006116,188589009,289696012,B616400,B616400,Hodgkin's lymphocytic depletion lymph nodes axilla and arm
"Malignant neoplasms, stated or presumed to be primary, of lymphoid, haematopoietic and related tissue",826481000006118,188590000,289697015,B616500,B616500,Hodgkin's lymphocytic depletion lymph nodes inguinal and leg
"Malignant neoplasms, stated or presumed to be primary, of lymphoid, haematopoietic and related tissue",289699017,188592008,289699017,B616700,B616700,"Hodgkin's disease, lymphocytic depletion of spleen"
"Malignant neoplasms, stated or presumed to be primary, of lymphoid, haematopoietic and related tissue",826491000006115,188593003,289700016,B616800,B616800,Hodgkin's lymphocytic depletion lymph nodes multiple sites
"Malignant neoplasms, stated or presumed to be primary, of lymphoid, haematopoietic and related tissue",289701017,118610003,177029012,B616z00,B616z00,"Hodgkin's disease, lymphocytic depletion NOS"
"Malignant neoplasms, stated or presumed to be primary, of lymphoid, haematopoietic and related tissue",2168431000000112,118605002,177024019,B617.00,B617.00,Nodular lymphocyte predominant Hodgkin lymphoma
"Malignant neoplasms, stated or presumed to be primary, of lymphoid, haematopoietic and related tissue",1815051000006115,118608000,1220414014,B618.00,,Nodular sclerosis classical Hodgkin lymphoma
"Malignant neoplasms, stated or presumed to be primary, of lymphoid, haematopoietic and related tissue",1815061000006118,118609008,2663461018,B619.00,B619.00,Mixed cellularity classical Hodgkin lymphoma
"Malignant neoplasms, stated or presumed to be primary, of lymphoid, haematopoietic and related tissue",2870724014,118607005,2870724014,B61B.00,B61B.00,Lymphocyte-rich classical Hodgkin lymphoma
"Malignant neoplasms, stated or presumed to be primary, of lymphoid, haematopoietic and related tissue",1815091000006114,118599009,2663473018,B61C.00,B61C.00,Other classical Hodgkin lymphoma
"Malignant neoplasms, stated or presumed to be primary, of lymphoid, haematopoietic and related tissue",826121000006114,118599009,2663473018,B61z.00,B61z.00,Hodgkin's disease NOS
"Malignant neoplasms, stated or presumed to be primary, of lymphoid, haematopoietic and related tissue",1815101000006115,118599009,177017015,B61z.11,,Hodgkin lymphoma NOS
"Malignant neoplasms, stated or presumed to be primary, of lymphoid, haematopoietic and related tissue",289703019,118599009,177017015,B61z000,B61z000,"Hodgkin's disease NOS, unspecified site"
"Malignant neoplasms, stated or presumed to be primary, of lymphoid, haematopoietic and related tissue",289704013,93524003,154823017,B61z100,B61z100,"Hodgkin's disease NOS of lymph nodes of head, face and neck"
"Malignant neoplasms, stated or presumed to be primary, of lymphoid, haematopoietic and related tissue",289705014,93522004,154818017,B61z200,B61z200,Hodgkin's disease NOS of intrathoracic lymph nodes
"Malignant neoplasms, stated or presumed to be primary, of lymphoid, haematopoietic and related tissue",289706010,93520007,154814015,B61z300,B61z300,Hodgkin's disease NOS of intra-abdominal lymph nodes
"Malignant neoplasms, stated or presumed to be primary, of lymphoid, haematopoietic and related tissue",826181000006113,93523009,154820019,B61z400,B61z400,Hodgkin's disease NOS of lymph nodes of axilla and arm
"Malignant neoplasms, stated or presumed to be primary, of lymphoid, haematopoietic and related tissue",826171000006110,93525002,154826013,B61z500,B61z500,Hodgkin's disease NOS of lymph nodes inguinal region and leg
"Malignant neoplasms, stated or presumed to be primary, of lymphoid, haematopoietic and related tissue",289710013,93527005,154831010,B61z700,B61z700,Hodgkin's disease NOS of spleen
"Malignant neoplasms, stated or presumed to be primary, of lymphoid, haematopoietic and related tissue",289711012,93526001,154829018,B61z800,B61z800,Hodgkin's disease NOS of lymph nodes of multiple sites
"Malignant neoplasms, stated or presumed to be primary, of lymphoid, haematopoietic and related tissue",289702012,118599009,2663473018,B61zz00,B61zz00,Hodgkin's disease NOS
"Malignant neoplasms, stated or presumed to be primary, of lymphoid, haematopoietic and related tissue",1221109014,14537002,1221109014,BBj..00,BBj..00,[M]Hodgkin's disease
"Malignant neoplasms, stated or presumed to be primary, of lymphoid, haematopoietic and related tissue",309991000006111,128930002,207613010,BBj0.00,BBj0.00,[M]Hodgkin's disease NOS
"Malignant neoplasms, stated or presumed to be primary, of lymphoid, haematopoietic and related tissue",291931019,128799007,207299018,BBj1.00,BBj1.00,"[M]Hodgkin's disease, lymphocytic predominance"
"Malignant neoplasms, stated or presumed to be primary, of lymphoid, haematopoietic and related tissue",291932014,128799007,207303011,BBj1000,BBj1000,"[M]Hodgkin,s disease, lymphocytic predominance, diffuse"
"Malignant neoplasms, stated or presumed to be primary, of lymphoid, haematopoietic and related tissue",1233285010,70600005,1233285010,BBj1100,BBj1100,"[M]Hodgkin,s disease, lymphocytic predominance, nodular"
"Malignant neoplasms, stated or presumed to be primary, of lymphoid, haematopoietic and related tissue",1229767019,41529000,1229767019,BBj2.00,BBj2.00,"[M]Hodgkin's disease, mixed cellularity"
"Malignant neoplasms, stated or presumed to be primary, of lymphoid, haematopoietic and related tissue",310071000006116,16893006,1221432018,BBj4.00,BBj4.00,"[M]Hodgkin's disease,lymphocytic depletion,diffuse fibrosis"
"Malignant neoplasms, stated or presumed to be primary, of lymphoid, haematopoietic and related tissue",215914013,52248008,198368015,BBj6.00,BBj6.00,"[M]Hodgkin's disease, nodular sclerosis NOS"
"Malignant neoplasms, stated or presumed to be primary, of lymphoid, haematopoietic and related tissue",310141000006111,45572000,1230240010,BBj6000,BBj6000,"[M]Hodgkin,s disease, nodular sclerosis, lymphocytic predom"
"Malignant neoplasms, stated or presumed to be primary, of lymphoid, haematopoietic and related tissue",291933016,45572000,197881018,BBj6100,BBj6100,"[M]Hodgkin,s disease, nodular sclerosis, mixed cellularity"
"Malignant neoplasms, stated or presumed to be primary, of lymphoid, haematopoietic and related tissue",310131000006118,43985008,1230036014,BBj6200,BBj6200,"[M]Hodgkin,s disease, nodular sclerosis, lymphocytic deplet"
"Malignant neoplasms, stated or presumed to be primary, of lymphoid, haematopoietic and related tissue",1229491012,39086001,1229491012,BBj7.00,BBj7.00,"[M]Hodgkin's disease, nodular sclerosis, cellular phase"
"Malignant neoplasms, stated or presumed to be primary, of lymphoid, haematopoietic and related tissue",1233711012,74189002,1233711012,BBj9.00,BBj9.00,[M]Hodgkin's granuloma
"Malignant neoplasms, stated or presumed to be primary, of lymphoid, haematopoietic and related tissue",453326010,128930002,207613010,BBjz.00,BBjz.00,[M]Hodgkin's disease NOS
"Malignant neoplasms, stated or presumed to be primary, of lymphoid, haematopoietic and related tissue",292169014,118599009,2663473018,ByuD000,ByuD000,[X]Other Hodgkin's disease
"Malignant neoplasms, stated or presumed to be primary, of lymphoid, haematopoietic and related tissue",2601611000006116,6381009,11578015,,,alpha heavy chain disease
"Malignant neoplasms, stated or presumed to be primary, of lymphoid, haematopoietic and related tissue",2601641000006117,6381009,195004012,,,gamma heavy chain disease
"Malignant neoplasms, stated or presumed to be primary, of lymphoid, haematopoietic and related tissue",2601601000006119,6381009,195006014,,,heavy chain disease
"Malignant neoplasms, stated or presumed to be primary, of lymphoid, haematopoietic and related tissue",12721521000006112,542621000000109,1210161000000111,,,immunoproliferative neoplasm or myeloma nos
"Malignant neoplasms, stated or presumed to be primary, of lymphoid, haematopoietic and related tissue",3408441000006115,55921005,93008014,,,multiple myeloma
"Malignant neoplasms, stated or presumed to be primary, of lymphoid, haematopoietic and related tissue",3408451000006118,55921005,93010011,,,myelomatosis
"Malignant neoplasms, stated or presumed to be primary, of lymphoid, haematopoietic and related tissue",4419981000006113,128922003,4419981000006113,,,plasma cell leukaemia
"Malignant neoplasms, stated or presumed to be primary, of lymphoid, haematopoietic and related tissue",11903701000006110,10639003,18483018,,,solitary myeloma
"Malignant neoplasms, stated or presumed to be primary, of lymphoid, haematopoietic and related tissue",2669181000006118,10639003,18484012,,,solitary plasmacytoma
"Malignant neoplasms, stated or presumed to be primary, of lymphoid, haematopoietic and related tissue",695561000006118,109989006,344820010,B63..00,B63..00,Multiple myeloma and immunoproliferative neoplasms
"Malignant neoplasms, stated or presumed to be primary, of lymphoid, haematopoietic and related tissue",344820010,109989006,344820010,B630.00,B630.00,Multiple myeloma
"Malignant neoplasms, stated or presumed to be primary, of lymphoid, haematopoietic and related tissue",344818012,109989006,344818012,B630.11,B630.11,Kahler's disease
"Malignant neoplasms, stated or presumed to be primary, of lymphoid, haematopoietic and related tissue",344819016,109989006,344819016,B630.12,B630.12,Myelomatosis
"Malignant neoplasms, stated or presumed to be primary, of lymphoid, haematopoietic and related tissue",289867014,188718006,289867014,B630000,B630000,"Malignant plasma cell neoplasm, extramedullary plasmacytoma"
"Malignant neoplasms, stated or presumed to be primary, of lymphoid, haematopoietic and related tissue",139571000006117,415112005,2534490012,B630100,B630100,Solitary myeloma
"Malignant neoplasms, stated or presumed to be primary, of lymphoid, haematopoietic and related tissue",225051000006119,415112005,2534490012,B630200,B630200,Plasmacytoma NOS
"Malignant neoplasms, stated or presumed to be primary, of lymphoid, haematopoietic and related tissue",457317011,313427003,457317011,B630300,B630300,Lambda light chain myeloma
"Malignant neoplasms, stated or presumed to be primary, of lymphoid, haematopoietic and related tissue",18484012,415112005,2537380010,B630400,B630400,Solitary plasmacytoma
"Malignant neoplasms, stated or presumed to be primary, of lymphoid, haematopoietic and related tissue",201743012,95210003,201743012,B631.00,B631.00,Plasma cell leukaemia
"Malignant neoplasms, stated or presumed to be primary, of lymphoid, haematopoietic and related tissue",289874016,275524009,411516014,B63z.00,B63z.00,Immunoproliferative neoplasm or myeloma NOS
"Malignant neoplasms, stated or presumed to be primary, of lymphoid, haematopoietic and related tissue",683191000006119,415112005,2534490012,B936.11,B936.11,Myeloma - solitary
"Malignant neoplasms, stated or presumed to be primary, of lymphoid, haematopoietic and related tissue",451430017,415112005,2534490012,B936.12,B936.12,Plasmacytoma NOS
"Malignant neoplasms, stated or presumed to be primary, of lymphoid, haematopoietic and related tissue",291960011,6381009,11578015,BBm6.00,BBm6.00,[M] Alpha heavy chain disease
"Malignant neoplasms, stated or presumed to be primary, of lymphoid, haematopoietic and related tissue",291962015,6381009,11578015,BBmE.00,BBmE.00,[M] Gamma heavy chain disease
"Malignant neoplasms, stated or presumed to be primary, of lymphoid, haematopoietic and related tissue",318171000006118,35562000,197158017,BBmK.00,BBmK.00,[M]Waldenstrom's macroglobulinaemia
"Malignant neoplasms, stated or presumed to be primary, of lymphoid, haematopoietic and related tissue",291969012,127580003,867011,BBn..00,BBn..00,[M]Plasma cell tumours
"Malignant neoplasms, stated or presumed to be primary, of lymphoid, haematopoietic and related tissue",1231541019,55921005,1231541019,BBn0.00,BBn0.00,[M]Plasma cell myeloma
"Malignant neoplasms, stated or presumed to be primary, of lymphoid, haematopoietic and related tissue",313271000006116,109989006,344820010,BBn0.11,BBn0.11,[M]Multiple myeloma
"Malignant neoplasms, stated or presumed to be primary, of lymphoid, haematopoietic and related tissue",313381000006111,55921005,1231541019,BBn0.12,BBn0.12,[M]Myeloma NOS
"Malignant neoplasms, stated or presumed to be primary, of lymphoid, haematopoietic and related tissue",313391000006114,55921005,1231541019,BBn0.13,BBn0.13,[M]Myelomatosis
"Malignant neoplasms, stated or presumed to be primary, of lymphoid, haematopoietic and related tissue",315461000006113,55921005,1231541019,BBn0.14,BBn0.14,[M]Plasmacytic myeloma
"Malignant neoplasms, stated or presumed to be primary, of lymphoid, haematopoietic and related tissue",315471000006118,10639003,18480015,BBn2.00,BBn2.00,[M]Plasmacytoma NOS
"Malignant neoplasms, stated or presumed to be primary, of lymphoid, haematopoietic and related tissue",313001000006116,10639003,18480015,BBn2.11,BBn2.11,[M]Monostotic myeloma
"Malignant neoplasms, stated or presumed to be primary, of lymphoid, haematopoietic and related tissue",316711000006113,10639003,18480015,BBn2.12,BBn2.12,[M]Solitary myeloma
"Malignant neoplasms, stated or presumed to be primary, of lymphoid, haematopoietic and related tissue",315441000006114,399456004,1778874018,BBn3.00,BBn3.00,"[M]Plasma cell tumour, malignant"
"Malignant neoplasms, stated or presumed to be primary, of lymphoid, haematopoietic and related tissue",291974016,127580003,867011,BBnz.00,BBnz.00,[M]Plasma cell tumour NOS
"Malignant neoplasms, stated or presumed to be primary, of lymphoid, haematopoietic and related tissue",292014014,128922003,207603019,BBr3.00,BBr3.00,[M]Plasma cell leukaemias
"Malignant neoplasms, stated or presumed to be primary, of lymphoid, haematopoietic and related tissue",292017019,128922003,474671016,BBr3z00,BBr3z00,[M]Plasma cell leukaemia NOS
"Malignant neoplasms, stated or presumed to be primary, of lymphoid, haematopoietic and related tissue",293377011,190817009,293377011,C333.00,C333.00,Macroglobulinaemia
"Malignant neoplasms, stated or presumed to be primary, of lymphoid, haematopoietic and related tissue",293380012,190818004,293380012,C333000,C333000,Waldenstrom's macroglobulinaemia
"Malignant neoplasms, stated or presumed to be primary, of lymphoid, haematopoietic and related tissue",2168841000000118,190818004,2168841000000118,C333011,C333011,Waldenstrom macroglobulinaemia
"Malignant neoplasms, stated or presumed to be primary, of lymphoid, haematopoietic and related tissue",2659763011,109982002,2659763011,C333100,C333100,Alpha heavy chain disease
"Malignant neoplasms, stated or presumed to be primary, of lymphoid, haematopoietic and related tissue",2659693012,109984001,2659693012,C333200,C333200,Gamma heavy chain disease
"Malignant neoplasms, stated or presumed to be primary, of lymphoid, haematopoietic and related tissue",114573012,68979007,114573012,C333300,C333300,Heavy chain disease
"Malignant neoplasms, stated or presumed to be primary, of lymphoid, haematopoietic and related tissue",293384015,190817009,293377011,C333z00,C333z00,Macroglobulinaemia NOS
"Malignant neoplasms, stated or presumed to be primary, of lymphoid, haematopoietic and related tissue",853831000006113,853831000006109,853831000006113,,,Non hodgkin lymphoma
"Malignant neoplasms, stated or presumed to be primary, of lymphoid, haematopoietic and related tissue",12455741000006118,128803008,304151000006118,,,[m] monocytoid b-cell lymphoma
"Malignant neoplasms, stated or presumed to be primary, of lymphoid, haematopoietic and related tissue",291923012,189982000,291923012,,BBhz.00,[m]reticulosarcoma nos
"Malignant neoplasms, stated or presumed to be primary, of lymphoid, haematopoietic and related tissue",2511731000006112,835009,2532600012,,,angioimmunoblastic t-cell lymphoma
"Malignant neoplasms, stated or presumed to be primary, of lymphoid, haematopoietic and related tissue",3758731000006119,77381001,128441011,,,burkitt's lymphoma
"Malignant neoplasms, stated or presumed to be primary, of lymphoid, haematopoietic and related tissue",2734791000000113,1091861000000100,2734791000000113,,,cutaneous follicle centre lymphoma
"Malignant neoplasms, stated or presumed to be primary, of lymphoid, haematopoietic and related tissue",2950311000006114,28054005,196644012,,,cutaneous t-cell lymphoma
"Malignant neoplasms, stated or presumed to be primary, of lymphoid, haematopoietic and related tissue",3255181000006119,46732000,198006010,,,diffuse large b-cell lymphoma
"Malignant neoplasms, stated or presumed to be primary, of lymphoid, haematopoietic and related tissue",11925921000006110,118600007,728741000006116,,,malignant lymphoma nos of intra-abdominal lymph nodes
"Malignant neoplasms, stated or presumed to be primary, of lymphoid, haematopoietic and related tissue",11925931000006112,118600007,728751000006119,,,malignant lymphoma nos of intrapelvic lymph nodes
"Malignant neoplasms, stated or presumed to be primary, of lymphoid, haematopoietic and related tissue",11925941000006116,118600007,728761000006117,,,malignant lymphoma nos of intrathoracic lymph nodes
"Malignant neoplasms, stated or presumed to be primary, of lymphoid, haematopoietic and related tissue",11925951000006118,118600007,728771000006112,,,malignant lymphoma nos of lymph node inguinal region and leg
"Malignant neoplasms, stated or presumed to be primary, of lymphoid, haematopoietic and related tissue",11925961000006116,118600007,728781000006110,,,malignant lymphoma nos of lymph nodes of axilla and arm
"Malignant neoplasms, stated or presumed to be primary, of lymphoid, haematopoietic and related tissue",11925971000006112,118600007,728791000006113,,,"malignant lymphoma nos of lymph nodes of head, face and neck"
"Malignant neoplasms, stated or presumed to be primary, of lymphoid, haematopoietic and related tissue",11925981000006114,118600007,728801000006114,,,malignant lymphoma nos of lymph nodes of multiple sites
"Malignant neoplasms, stated or presumed to be primary, of lymphoid, haematopoietic and related tissue",11926001000006112,118600007,729261000006115,,,malignant lymphoma nos of spleen
"Malignant neoplasms, stated or presumed to be primary, of lymphoid, haematopoietic and related tissue",3713291000006112,74654000,123978016,,,mantle cell lymphoma
"Malignant neoplasms, stated or presumed to be primary, of lymphoid, haematopoietic and related tissue",4309411000006119,118601006,2839871014,,,non-hodgkin lymphoma
"Malignant neoplasms, stated or presumed to be primary, of lymphoid, haematopoietic and related tissue",2578371000006114,4950009,9269011,,,sezary's disease
"Malignant neoplasms, stated or presumed to be primary, of lymphoid, haematopoietic and related tissue",4415771000006112,128805001,207325017,,,t/nk-cell lymphoma
"Malignant neoplasms, stated or presumed to be primary, of lymphoid, haematopoietic and related tissue",6853321000006116,414166008,2871697012,,,t/nk-cell lymphoma
"Malignant neoplasms, stated or presumed to be primary, of lymphoid, haematopoietic and related tissue",287029018,713897006,3297968018,A789600,A789600,HIV disease resulting in Burkitt's lymphoma
"Malignant neoplasms, stated or presumed to be primary, of lymphoid, haematopoietic and related tissue",825721000006115,442537007,2816358010,A789700,A789700,HIV dis resulting oth types of non-Hodgkin's lymphoma
"Malignant neoplasms, stated or presumed to be primary, of lymphoid, haematopoietic and related tissue",288182013,442537007,2816358010,AyuC600,AyuC600,[X]HIV disease resulting in other non-Hodgkin's lymphoma
"Malignant neoplasms, stated or presumed to be primary, of lymphoid, haematopoietic and related tissue",289580016,188487008,289580016,B60..00,B60..00,Lymphosarcoma and reticulosarcoma
"Malignant neoplasms, stated or presumed to be primary, of lymphoid, haematopoietic and related tissue",1211679013,373168002,1211679013,B600.00,B600.00,Reticulosarcoma
"Malignant neoplasms, stated or presumed to be primary, of lymphoid, haematopoietic and related tissue",289581017,373168002,1211679013,B600000,B600000,Reticulosarcoma of unspecified site
"Malignant neoplasms, stated or presumed to be primary, of lymphoid, haematopoietic and related tissue",289582012,188489006,289582012,B600100,B600100,"Reticulosarcoma of lymph nodes of head, face and neck"
"Malignant neoplasms, stated or presumed to be primary, of lymphoid, haematopoietic and related tissue",157745018,95224004,157745018,B600300,B600300,Reticulosarcoma of intra-abdominal lymph nodes
"Malignant neoplasms, stated or presumed to be primary, of lymphoid, haematopoietic and related tissue",157752016,95231000,157752016,B600700,B600700,Reticulosarcoma of spleen
"Malignant neoplasms, stated or presumed to be primary, of lymphoid, haematopoietic and related tissue",289590012,373168002,1211679013,B600z00,B600z00,Reticulosarcoma NOS
"Malignant neoplasms, stated or presumed to be primary, of lymphoid, haematopoietic and related tissue",289591011,188498009,289591011,B601.00,B601.00,Lymphosarcoma
"Malignant neoplasms, stated or presumed to be primary, of lymphoid, haematopoietic and related tissue",289592016,188498009,289591011,B601000,B601000,Lymphosarcoma of unspecified site
"Malignant neoplasms, stated or presumed to be primary, of lymphoid, haematopoietic and related tissue",289593014,188500005,289593014,B601100,B601100,"Lymphosarcoma of lymph nodes of head, face and neck"
"Malignant neoplasms, stated or presumed to be primary, of lymphoid, haematopoietic and related tissue",289594015,188501009,289594015,B601200,B601200,Lymphosarcoma of intrathoracic lymph nodes
"Malignant neoplasms, stated or presumed to be primary, of lymphoid, haematopoietic and related tissue",289595019,188502002,289595019,B601300,B601300,Lymphosarcoma of intra-abdominal lymph nodes
"Malignant neoplasms, stated or presumed to be primary, of lymphoid, haematopoietic and related tissue",731691000006110,188504001,289597010,B601500,B601500,Lymphosarcoma of lymph nodes of inguinal region and leg
"Malignant neoplasms, stated or presumed to be primary, of lymphoid, haematopoietic and related tissue",289599013,188506004,289599013,B601700,B601700,Lymphosarcoma of spleen
"Malignant neoplasms, stated or presumed to be primary, of lymphoid, haematopoietic and related tissue",289600011,188507008,289600011,B601800,B601800,Lymphosarcoma of lymph nodes of multiple sites
"Malignant neoplasms, stated or presumed to be primary, of lymphoid, haematopoietic and related tissue",289601010,188498009,289591011,B601z00,B601z00,Lymphosarcoma NOS
"Malignant neoplasms, stated or presumed to be primary, of lymphoid, haematopoietic and related tissue",2663190016,118617000,2663190016,B602.00,B602.00,Burkitt's lymphoma
"Malignant neoplasms, stated or presumed to be primary, of lymphoid, haematopoietic and related tissue",289603013,188510001,289603013,B602100,B602100,"Burkitt's lymphoma of lymph nodes of head, face and neck"
"Malignant neoplasms, stated or presumed to be primary, of lymphoid, haematopoietic and related tissue",289604019,188511002,289604019,B602200,B602200,Burkitt's lymphoma of intrathoracic lymph nodes
"Malignant neoplasms, stated or presumed to be primary, of lymphoid, haematopoietic and related tissue",289605018,188512009,289605018,B602300,B602300,Burkitt's lymphoma of intra-abdominal lymph nodes
"Malignant neoplasms, stated or presumed to be primary, of lymphoid, haematopoietic and related tissue",527801000006112,188514005,289607014,B602500,B602500,Burkitt's lymphoma of lymph nodes of inguinal region and leg
"Malignant neoplasms, stated or presumed to be primary, of lymphoid, haematopoietic and related tissue",289612010,118617000,2663190016,B602z00,B602z00,Burkitt's lymphoma NOS
"Malignant neoplasms, stated or presumed to be primary, of lymphoid, haematopoietic and related tissue",289613017,188487008,289580016,B60y.00,B60y.00,Other specified reticulosarcoma or lymphosarcoma
"Malignant neoplasms, stated or presumed to be primary, of lymphoid, haematopoietic and related tissue",289614011,188487008,289580016,B60z.00,B60z.00,Reticulosarcoma or lymphosarcoma NOS
"Malignant neoplasms, stated or presumed to be primary, of lymphoid, haematopoietic and related tissue",673611000006113,269476000,403709014,B620.00,B620.00,Nodular lymphoma (Brill - Symmers disease)
"Malignant neoplasms, stated or presumed to be primary, of lymphoid, haematopoietic and related tissue",289717011,269476000,403709014,B620000,B620000,Nodular lymphoma of unspecified site
"Malignant neoplasms, stated or presumed to be primary, of lymphoid, haematopoietic and related tissue",289718018,188609000,289718018,B620100,B620100,"Nodular lymphoma of lymph nodes of head, face and neck"
"Malignant neoplasms, stated or presumed to be primary, of lymphoid, haematopoietic and related tissue",157688015,95188007,157688015,B620200,B620200,Nodular lymphoma of intrathoracic lymph nodes
"Malignant neoplasms, stated or presumed to be primary, of lymphoid, haematopoietic and related tissue",157686016,95186006,157686016,B620300,B620300,Nodular lymphoma of intra-abdominal lymph nodes
"Malignant neoplasms, stated or presumed to be primary, of lymphoid, haematopoietic and related tissue",673681000006118,188613007,289722011,B620500,B620500,Nodular lymphoma of lymph nodes of inguinal region and leg
"Malignant neoplasms, stated or presumed to be primary, of lymphoid, haematopoietic and related tissue",157692010,95192000,157692010,B620800,B620800,Nodular lymphoma of lymph nodes of multiple sites
"Malignant neoplasms, stated or presumed to be primary, of lymphoid, haematopoietic and related tissue",289726014,269476000,403709014,B620z00,B620z00,Nodular lymphoma NOS
"Malignant neoplasms, stated or presumed to be primary, of lymphoid, haematopoietic and related tissue",2663191017,118618005,2663191017,B621.00,B621.00,Mycosis fungoides
"Malignant neoplasms, stated or presumed to be primary, of lymphoid, haematopoietic and related tissue",289727017,118618005,177037016,B621000,B621000,Mycosis fungoides of unspecified site
"Malignant neoplasms, stated or presumed to be primary, of lymphoid, haematopoietic and related tissue",157071014,94707004,157071014,B621300,B621300,Mycosis fungoides of intra-abdominal lymph nodes
"Malignant neoplasms, stated or presumed to be primary, of lymphoid, haematopoietic and related tissue",157075017,94710006,157075017,B621400,B621400,Mycosis fungoides of lymph nodes of axilla and upper limb
"Malignant neoplasms, stated or presumed to be primary, of lymphoid, haematopoietic and related tissue",683691000006113,94712003,157079011,B621500,B621500,Mycosis fungoides of lymph nodes of inguinal region and leg
"Malignant neoplasms, stated or presumed to be primary, of lymphoid, haematopoietic and related tissue",289738017,188627002,289738017,B621800,B621800,Mycosis fungoides of lymph nodes of multiple sites
"Malignant neoplasms, stated or presumed to be primary, of lymphoid, haematopoietic and related tissue",289739013,118618005,177037016,B621z00,B621z00,Mycosis fungoides NOS
"Malignant neoplasms, stated or presumed to be primary, of lymphoid, haematopoietic and related tissue",146651000006118,118611004,2821061019,B622.00,B622.00,Sezary's disease
"Malignant neoplasms, stated or presumed to be primary, of lymphoid, haematopoietic and related tissue",289749011,118611004,177030019,B622z00,B622z00,Sezary's disease NOS
"Malignant neoplasms, stated or presumed to be primary, of lymphoid, haematopoietic and related tissue",587201000006115,118601006,2663475013,B627.00,B627.00,Non - Hodgkin's lymphoma
"Malignant neoplasms, stated or presumed to be primary, of lymphoid, haematopoietic and related tissue",2839871014,118601006,2663475013,B627.11,B627.11,Non-Hodgkin lymphoma
"Malignant neoplasms, stated or presumed to be primary, of lymphoid, haematopoietic and related tissue",414257019,277625002,414257019,B627000,B627000,Follicular non-Hodgkin's small cleaved cell lymphoma
"Malignant neoplasms, stated or presumed to be primary, of lymphoid, haematopoietic and related tissue",763431000006118,188672005,289795016,B627100,B627100,Follicular non-Hodg mixed sml cleavd & lge cell lymphoma
"Malignant neoplasms, stated or presumed to be primary, of lymphoid, haematopoietic and related tissue",414278016,277641001,414278016,B627200,B627200,Follicular non-Hodgkin's large cell lymphoma
"Malignant neoplasms, stated or presumed to be primary, of lymphoid, haematopoietic and related tissue",289799010,188674006,289799010,B627300,B627300,Diffuse non-Hodgkin's small cell (diffuse) lymphoma
"Malignant neoplasms, stated or presumed to be primary, of lymphoid, haematopoietic and related tissue",289801013,188675007,289801013,B627400,B627400,Diffuse non-Hodgkin's small cleaved cell (diffuse) lymphoma
"Malignant neoplasms, stated or presumed to be primary, of lymphoid, haematopoietic and related tissue",621041000006116,188676008,289807012,B627500,B627500,Diffuse non-Hodgkin mixed sml & lge cell (diffuse) lymphoma
"Malignant neoplasms, stated or presumed to be primary, of lymphoid, haematopoietic and related tissue",1219545019,109966003,1219545019,B627600,B627600,Diffuse non-Hodgkin's immunoblastic (diffuse) lymphoma
"Malignant neoplasms, stated or presumed to be primary, of lymphoid, haematopoietic and related tissue",621071000006112,109965004,174660015,B627700,B627700,Diffuse non-Hodgkin's lymphoblastic (diffuse) lymphoma
"Malignant neoplasms, stated or presumed to be primary, of lymphoid, haematopoietic and related tissue",289812013,188679001,289812013,B627800,B627800,Diffuse non-Hodgkin's lymphoma undifferentiated (diffuse)
"Malignant neoplasms, stated or presumed to be primary, of lymphoid, haematopoietic and related tissue",414252013,277622004,414252013,B627900,B627900,Mucosa-associated lymphoma
"Malignant neoplasms, stated or presumed to be primary, of lymphoid, haematopoietic and related tissue",414253015,277622004,414253015,B627911,B627911,Maltoma
"Malignant neoplasms, stated or presumed to be primary, of lymphoid, haematopoietic and related tissue",1668101000000112,109969005,1668101000000112,B627A00,B627A00,Diffuse non-Hodgkin's large cell lymphoma
"Malignant neoplasms, stated or presumed to be primary, of lymphoid, haematopoietic and related tissue",289813015,308121000,451429010,B627B00,B627B00,Other types of follicular non-Hodgkin's lymphoma
"Malignant neoplasms, stated or presumed to be primary, of lymphoid, haematopoietic and related tissue",451429010,308121000,451429010,B627C00,B627C00,Follicular non-Hodgkin's lymphoma
"Malignant neoplasms, stated or presumed to be primary, of lymphoid, haematopoietic and related tissue",763421000006116,308121000,451429010,B627C11,B627C11,Follicular lymphoma NOS
"Malignant neoplasms, stated or presumed to be primary, of lymphoid, haematopoietic and related tissue",444799014,302842009,444799014,B627D00,B627D00,Diffuse non-Hodgkin's centroblastic lymphoma
"Malignant neoplasms, stated or presumed to be primary, of lymphoid, haematopoietic and related tissue",198006010,847741000000106,2197851000000116,B627E00,B627E00,Diffuse large B-cell lymphoma
"Malignant neoplasms, stated or presumed to be primary, of lymphoid, haematopoietic and related tissue",1815131000006111,445269007,2913563017,B627F00,,Extranod marg zone B-cell lymphom mucosa-assoc lymphoid tiss
"Malignant neoplasms, stated or presumed to be primary, of lymphoid, haematopoietic and related tissue",2870725010,444910004,2870725010,B627G00,B627G00,Mediastinal (thymic) large B-cell lymphoma
"Malignant neoplasms, stated or presumed to be primary, of lymphoid, haematopoietic and related tissue",82041000006113,1091921000000103,2734911000000119,B627W00,B627W00,Unspecified B-cell non-Hodgkin's lymphoma
"Malignant neoplasms, stated or presumed to be primary, of lymphoid, haematopoietic and related tissue",621091000006113,109962001,174656018,B627X00,B627X00,"Diffuse non-Hodgkin's lymphoma, unspecified"
"Malignant neoplasms, stated or presumed to be primary, of lymphoid, haematopoietic and related tissue",1815151000006116,308121000,451429010,B628.00,B628.00,Follicular lymphoma
"Malignant neoplasms, stated or presumed to be primary, of lymphoid, haematopoietic and related tissue",1815161000006119,847481000000109,2197241000000116,B628000,,Follicular lymphoma grade 1
"Malignant neoplasms, stated or presumed to be primary, of lymphoid, haematopoietic and related tissue",1815171000006114,847631000000107,2197621000000114,B628100,B628100,Follicular lymphoma grade 2
"Malignant neoplasms, stated or presumed to be primary, of lymphoid, haematopoietic and related tissue",1815181000006112,847651000000100,2197671000000112,B628200,B628200,Follicular lymphoma grade 3
"Malignant neoplasms, stated or presumed to be primary, of lymphoid, haematopoietic and related tissue",2124491000000112,847691000000108,2197741000000110,B628300,,Follicular lymphoma grade 3a
"Malignant neoplasms, stated or presumed to be primary, of lymphoid, haematopoietic and related tissue",2124511000000116,847701000000108,2197761000000111,B628400,,Follicular lymphoma grade 3b
"Malignant neoplasms, stated or presumed to be primary, of lymphoid, haematopoietic and related tissue",2901912012,449220000,2901912012,B628500,B628500,Diffuse follicle centre lymphoma
"Malignant neoplasms, stated or presumed to be primary, of lymphoid, haematopoietic and related tissue",1815221000006115,1091861000000100,2734771000000114,B628600,,Cutaneous follicle centre lymphoma
"Malignant neoplasms, stated or presumed to be primary, of lymphoid, haematopoietic and related tissue",1815231000006116,308121000,451429010,B628700,,Other types of follicular lymphoma
"Malignant neoplasms, stated or presumed to be primary, of lymphoid, haematopoietic and related tissue",207325017,109978004,344696012,B62E.00,B62E.00,T/NK-cell lymphoma
"Malignant neoplasms, stated or presumed to be primary, of lymphoid, haematopoietic and related tissue",2168491000000112,738770003,3533524018,B62E100,,"Anaplastic large cell lymphoma, ALK-positive"
"Malignant neoplasms, stated or presumed to be primary, of lymphoid, haematopoietic and related tissue",1815321000006110,448212009,2900730018,B62E200,B62E200,"Anaplastic large cell lymphoma, ALK-negative"
"Malignant neoplasms, stated or presumed to be primary, of lymphoid, haematopoietic and related tissue",1815331000006112,400122007,1787104010,B62E300,,Cutaneous T-cell lymphoma
"Malignant neoplasms, stated or presumed to be primary, of lymphoid, haematopoietic and related tissue",2534467019,414166008,2534467019,B62E400,B62E400,"Extranodal NK/T-cell lymphoma, nasal type"
"Malignant neoplasms, stated or presumed to be primary, of lymphoid, haematopoietic and related tissue",2872841013,445406001,2872841013,B62E500,B62E500,Hepatosplenic T-cell lymphoma
"Malignant neoplasms, stated or presumed to be primary, of lymphoid, haematopoietic and related tissue",414298014,277654008,414298014,B62E600,B62E600,Enteropathy-associated T-cell lymphoma
"Malignant neoplasms, stated or presumed to be primary, of lymphoid, haematopoietic and related tissue",1815391000006112,404133000,2872133010,B62E700,B62E700,Subcutaneous panniculitic T-cell lymphoma
"Malignant neoplasms, stated or presumed to be primary, of lymphoid, haematopoietic and related tissue",1815401000006114,445105005,2872334012,B62E800,B62E800,Blastic NK-cell lymphoma
"Malignant neoplasms, stated or presumed to be primary, of lymphoid, haematopoietic and related tissue",2534468012,1090241000000107,2731341000000117,B62E900,B62E900,Angioimmunoblastic T-cell lymphoma
"Malignant neoplasms, stated or presumed to be primary, of lymphoid, haematopoietic and related tissue",1815421000006116,128875000,207526015,B62EA00,B62EA00,Primary cutaneous CD30-positive T-cell proliferations
"Malignant neoplasms, stated or presumed to be primary, of lymphoid, haematopoietic and related tissue",1815431000006118,277613000,414240018,B62Ew00,B62Ew00,Other mature T/NK-cell lymphoma
"Malignant neoplasms, stated or presumed to be primary, of lymphoid, haematopoietic and related tissue",1815451000006112,109962001,2900154016,B62F.00,,Nonfollicular lymphoma
"Malignant neoplasms, stated or presumed to be primary, of lymphoid, haematopoietic and related tissue",2168861000000116,118601006,2168861000000116,B62F.11,,Non-follicular lymphoma
"Malignant neoplasms, stated or presumed to be primary, of lymphoid, haematopoietic and related tissue",1815461000006110,277615007,414243016,B62F000,B62F000,Small cell B-cell lymphoma
"Malignant neoplasms, stated or presumed to be primary, of lymphoid, haematopoietic and related tissue",123978016,443487006,2839720017,B62F100,B62F100,Mantle cell lymphoma
"Malignant neoplasms, stated or presumed to be primary, of lymphoid, haematopoietic and related tissue",2168691000000110,109965004,2168691000000110,B62F200,B62F200,Lymphoblastic (diffuse) lymphoma
"Malignant neoplasms, stated or presumed to be primary, of lymphoid, haematopoietic and related tissue",289820010,118600007,177019017,B62x.00,B62x.00,Malignant lymphoma otherwise specified
"Malignant neoplasms, stated or presumed to be primary, of lymphoid, haematopoietic and related tissue",344657018,109975001,344657018,B62x000,B62x000,T-zone lymphoma
"Malignant neoplasms, stated or presumed to be primary, of lymphoid, haematopoietic and related tissue",344670010,109976000,344670010,B62x100,B62x100,Lymphoepithelioid lymphoma
"Malignant neoplasms, stated or presumed to be primary, of lymphoid, haematopoietic and related tissue",2659756011,109977009,2659756011,B62x200,B62x200,Peripheral T-cell lymphoma
"Malignant neoplasms, stated or presumed to be primary, of lymphoid, haematopoietic and related tissue",445587010,118612006,445587010,B62x400,B62x400,Malignant reticulosis
"Malignant neoplasms, stated or presumed to be primary, of lymphoid, haematopoietic and related tissue",289826016,188691005,289826016,B62x500,B62x500,Malignant immunoproliferative small intestinal disease
"Malignant neoplasms, stated or presumed to be primary, of lymphoid, haematopoietic and related tissue",39671000006114,277613000,414240018,B62xX00,B62xX00,Oth and unspecif peripheral & cutaneous T-cell lymphomas
"Malignant neoplasms, stated or presumed to be primary, of lymphoid, haematopoietic and related tissue",728721000006111,118600007,2663474012,B62y.00,B62y.00,Malignant lymphoma NOS
"Malignant neoplasms, stated or presumed to be primary, of lymphoid, haematopoietic and related tissue",289830018,118600007,2663474012,B62y000,B62y000,Malignant lymphoma NOS of unspecified site
"Malignant neoplasms, stated or presumed to be primary, of lymphoid, haematopoietic and related tissue",289831019,93195001,154205016,B62y100,B62y100,"Malignant lymphoma NOS of lymph nodes of head, face and neck"
"Malignant neoplasms, stated or presumed to be primary, of lymphoid, haematopoietic and related tissue",289832014,93193008,154200014,B62y200,B62y200,Malignant lymphoma NOS of intrathoracic lymph nodes
"Malignant neoplasms, stated or presumed to be primary, of lymphoid, haematopoietic and related tissue",289842011,93191005,154196016,B62y300,B62y300,Malignant lymphoma NOS of intra-abdominal lymph nodes
"Malignant neoplasms, stated or presumed to be primary, of lymphoid, haematopoietic and related tissue",728781000006110,93194002,154202018,B62y400,B62y400,Malignant lymphoma NOS of lymph nodes of axilla and arm
"Malignant neoplasms, stated or presumed to be primary, of lymphoid, haematopoietic and related tissue",728771000006112,93196000,154208019,B62y500,B62y500,Malignant lymphoma NOS of lymph node inguinal region and leg
"Malignant neoplasms, stated or presumed to be primary, of lymphoid, haematopoietic and related tissue",289845013,93192003,154198015,B62y600,B62y600,Malignant lymphoma NOS of intrapelvic lymph nodes
"Malignant neoplasms, stated or presumed to be primary, of lymphoid, haematopoietic and related tissue",289846014,93198004,154213015,B62y700,B62y700,Malignant lymphoma NOS of spleen
"Malignant neoplasms, stated or presumed to be primary, of lymphoid, haematopoietic and related tissue",289847017,93197009,154211018,B62y800,B62y800,Malignant lymphoma NOS of lymph nodes of multiple sites
"Malignant neoplasms, stated or presumed to be primary, of lymphoid, haematopoietic and related tissue",289829011,118600007,2663474012,B62yz00,B62yz00,Malignant lymphoma NOS
"Malignant neoplasms, stated or presumed to be primary, of lymphoid, haematopoietic and related tissue",291887011,414628006,2535396014,BBg..00,BBg..00,"[M]Lymphomas, NOS or diffuse"
"Malignant neoplasms, stated or presumed to be primary, of lymphoid, haematopoietic and related tissue",311671000006118,21964009,36846011,BBg1.00,BBg1.00,[M]Malignant lymphoma NOS
"Malignant neoplasms, stated or presumed to be primary, of lymphoid, haematopoietic and related tissue",311431000006119,21964009,36846011,BBg1.11,BBg1.11,[M]Lymphoma NOS
"Malignant neoplasms, stated or presumed to be primary, of lymphoid, haematopoietic and related tissue",291891018,115244002,202936014,BBg1000,BBg1000,"[M]Malignant lymphoma, diffuse NOS"
"Malignant neoplasms, stated or presumed to be primary, of lymphoid, haematopoietic and related tissue",311871000006119,1929004,1222276014,BBg2.00,BBg2.00,"[M]Malignant lymphoma, non Hodgkin's type"
"Malignant neoplasms, stated or presumed to be primary, of lymphoid, haematopoietic and related tissue",314061000006117,1929004,1222274012,BBg2.11,BBg2.11,[M]Non Hodgkins lymphoma
"Malignant neoplasms, stated or presumed to be primary, of lymphoid, haematopoietic and related tissue",291892013,115244002,202936014,BBg3.00,BBg3.00,"[M]Malignant lymphoma, undifferentiated cell type NOS"
"Malignant neoplasms, stated or presumed to be primary, of lymphoid, haematopoietic and related tissue",311911000006116,189962004,291893015,BBg4.00,BBg4.00,"[M]Malignant lymphoma, stem cell type"
"Malignant neoplasms, stated or presumed to be primary, of lymphoid, haematopoietic and related tissue",291894014,115244002,202936014,BBg5.00,BBg5.00,"[M]Malignant lymphoma, convoluted cell type NOS"
"Malignant neoplasms, stated or presumed to be primary, of lymphoid, haematopoietic and related tissue",311521000006118,115244002,202936014,BBg6.00,BBg6.00,[M]Lymphosarcoma NOS
"Malignant neoplasms, stated or presumed to be primary, of lymphoid, haematopoietic and related tissue",1222289015,19340000,1222289015,BBg7.00,BBg7.00,"[M]Malignant lymphoma, lymphoplasmacytoid type"
"Malignant neoplasms, stated or presumed to be primary, of lymphoid, haematopoietic and related tissue",1234197011,450958009,2920534017,BBg8.00,BBg8.00,"[M]Malignant lymphoma, immunoblastic type"
"Malignant neoplasms, stated or presumed to be primary, of lymphoid, haematopoietic and related tissue",291900014,115244002,202936014,BBgA.00,BBgA.00,"[M]Malignant lymphoma, centroblastic-centrocytic, diffuse"
"Malignant neoplasms, stated or presumed to be primary, of lymphoid, haematopoietic and related tissue",291902018,115244002,202936014,BBgB.00,BBgB.00,"[M]Malignant lymphoma, follicular centre cell NOS"
"Malignant neoplasms, stated or presumed to be primary, of lymphoid, haematopoietic and related tissue",291903011,115244002,202936014,BBgC.00,BBgC.00,"[M]Malignant lymphoma, lymphocytic, well differentiated NOS"
"Malignant neoplasms, stated or presumed to be primary, of lymphoid, haematopoietic and related tissue",1222219012,115244002,202936014,BBgC.11,BBgC.11,[M]Lymphocytic lymphoma NOS
"Malignant neoplasms, stated or presumed to be primary, of lymphoid, haematopoietic and related tissue",1222220018,115244002,202936014,BBgC.12,BBgC.12,[M]Lymphocytic lymphosarcoma NOS
"Malignant neoplasms, stated or presumed to be primary, of lymphoid, haematopoietic and related tissue",311611000006110,115244002,202936014,BBgD.00,BBgD.00,"[M]Malig lymphoma, lymphocytic, intermediate different NOS"
"Malignant neoplasms, stated or presumed to be primary, of lymphoid, haematopoietic and related tissue",291905016,115244002,202936014,BBgE.00,BBgE.00,"[M]Malignant lymphoma, centrocytic"
"Malignant neoplasms, stated or presumed to be primary, of lymphoid, haematopoietic and related tissue",311811000006111,115244002,202936014,BBgG.00,BBgG.00,"[M]Malignant lymphoma, lymphocytic, poorly different NOS"
"Malignant neoplasms, stated or presumed to be primary, of lymphoid, haematopoietic and related tissue",311351000006119,115244002,202936014,BBgG.11,BBgG.11,[M]Lymphoblastic lymphosarcoma NOS
"Malignant neoplasms, stated or presumed to be primary, of lymphoid, haematopoietic and related tissue",1222221019,115244002,202936014,BBgG.12,BBgG.12,[M]Lymphoblastic lymphoma NOS
"Malignant neoplasms, stated or presumed to be primary, of lymphoid, haematopoietic and related tissue",311361000006117,115244002,202936014,BBgG.13,BBgG.13,[M]Lymphoblastoma NOS
"Malignant neoplasms, stated or presumed to be primary, of lymphoid, haematopoietic and related tissue",291909010,115244002,202936014,BBgH.00,BBgH.00,[M]Prolymphocytic lymphosarcoma
"Malignant neoplasms, stated or presumed to be primary, of lymphoid, haematopoietic and related tissue",291910017,115244002,202936014,BBgJ.00,BBgJ.00,"[M]Malignant lymphoma, centroblastic type NOS"
"Malignant neoplasms, stated or presumed to be primary, of lymphoid, haematopoietic and related tissue",311601000006112,115244002,202936014,BBgK.00,BBgK.00,"[M]Malig lymphoma, follicular centre cell, non-cleaved NOS"
"Malignant neoplasms, stated or presumed to be primary, of lymphoid, haematopoietic and related tissue",1232576019,64575004,1232576019,BBgL.00,BBgL.00,"[M]Malignant lymphoma, small lymphocytic NOS"
"Malignant neoplasms, stated or presumed to be primary, of lymphoid, haematopoietic and related tissue",215912012,115244002,202936014,BBgM.00,BBgM.00,"[M]Malignant lymphoma, small cleaved cell, diffuse"
"Malignant neoplasms, stated or presumed to be primary, of lymphoid, haematopoietic and related tissue",311641000006114,74654000,1233776011,BBgN.00,BBgN.00,"[M]Malign lymphoma,lymphocytic,intermediate differn, diffuse"
"Malignant neoplasms, stated or presumed to be primary, of lymphoid, haematopoietic and related tissue",1230828016,50102004,1230828016,BBgP.00,BBgP.00,"[M]Malignant lymphoma, mixed small and large cell, diffuse"
"Malignant neoplasms, stated or presumed to be primary, of lymphoid, haematopoietic and related tissue",291913015,74654000,123976017,BBgQ.00,BBgQ.00,[M]Malignant lymphomatous polyposis
"Malignant neoplasms, stated or presumed to be primary, of lymphoid, haematopoietic and related tissue",1230392016,46732000,1230392016,BBgR.00,BBgR.00,"[M]Malignant lymphoma, large cell, diffuse NOS"
"Malignant neoplasms, stated or presumed to be primary, of lymphoid, haematopoietic and related tissue",291914014,115244002,202936014,BBgS.00,BBgS.00,"[M]Malignant lymphoma, large cell, cleaved, diffuse"
"Malignant neoplasms, stated or presumed to be primary, of lymphoid, haematopoietic and related tissue",311801000006113,115244002,202936014,BBgT.00,BBgT.00,"[M]Malignant lymphoma, large cell, noncleaved, diffuse"
"Malignant neoplasms, stated or presumed to be primary, of lymphoid, haematopoietic and related tissue",311881000006116,115244002,202936014,BBgV.00,BBgV.00,"[M]Malignant lymphoma, small cell, noncleaved, diffuse"
"Malignant neoplasms, stated or presumed to be primary, of lymphoid, haematopoietic and related tissue",311441000006112,414628006,2535396014,BBgz.00,BBgz.00,"[M]Lymphoma, diffuse or NOS"
"Malignant neoplasms, stated or presumed to be primary, of lymphoid, haematopoietic and related tissue",315991000006111,189982000,291923012,BBh..00,BBh..00,[M]Reticulosarcomas
"Malignant neoplasms, stated or presumed to be primary, of lymphoid, haematopoietic and related tissue",315951000006117,189982000,291923012,BBh0.00,BBh0.00,[M]Reticulosarcoma NOS
"Malignant neoplasms, stated or presumed to be primary, of lymphoid, haematopoietic and related tissue",315971000006110,189985003,291926016,BBh2.00,BBh2.00,"[M]Reticulosarcoma, nodular"
"Malignant neoplasms, stated or presumed to be primary, of lymphoid, haematopoietic and related tissue",311461000006111,115245001,176001017,BBk..00,BBk..00,"[M]Lymphomas, nodular or follicular"
"Malignant neoplasms, stated or presumed to be primary, of lymphoid, haematopoietic and related tissue",403761014,115244002,202936014,BBk0.00,BBk0.00,"[M]Malignant lymphoma, nodular NOS"
"Malignant neoplasms, stated or presumed to be primary, of lymphoid, haematopoietic and related tissue",306111000006112,115244002,202936014,BBk0.11,BBk0.11,[M]Brill - Symmers' disease
"Malignant neoplasms, stated or presumed to be primary, of lymphoid, haematopoietic and related tissue",308801000006118,115244002,202936014,BBk0.12,BBk0.12,[M]Follicular lymphosarcoma NOS
"Malignant neoplasms, stated or presumed to be primary, of lymphoid, haematopoietic and related tissue",309181000006110,115244002,202936014,BBk0.13,BBk0.13,[M]Giant follicular lymphoma
"Malignant neoplasms, stated or presumed to be primary, of lymphoid, haematopoietic and related tissue",291943018,115244002,202936014,BBk2.00,BBk2.00,"[M]Malignant lymphoma, centroblastic-centrocytic, follicular"
"Malignant neoplasms, stated or presumed to be primary, of lymphoid, haematopoietic and related tissue",311621000006119,115244002,202936014,BBk3.00,BBk3.00,"[M]Malig lymphoma, lymphocytic, well differentiated,nodular"
"Malignant neoplasms, stated or presumed to be primary, of lymphoid, haematopoietic and related tissue",311561000006112,115244002,202936014,BBk5.00,BBk5.00,"[M]Malig lymp, follicular centre cell, cleaved, follicular"
"Malignant neoplasms, stated or presumed to be primary, of lymphoid, haematopoietic and related tissue",1229648010,40411000,1229648010,BBk7.00,BBk7.00,"[M]Malignant lymphoma, centroblastic type, follicular"
"Malignant neoplasms, stated or presumed to be primary, of lymphoid, haematopoietic and related tissue",311591000006116,115244002,202936014,BBk8.00,BBk8.00,"[M]Malig lymp,follicular centre cell,noncleaved,follicular"
"Malignant neoplasms, stated or presumed to be primary, of lymphoid, haematopoietic and related tissue",291953017,414628006,2535396014,BBkz.00,BBkz.00,"[M]Lymphoma, nodular or follicular NOS"
"Malignant neoplasms, stated or presumed to be primary, of lymphoid, haematopoietic and related tissue",313301000006119,90120004,149378014,BBl..00,BBl..00,[M]Mycosis fungoides
"Malignant neoplasms, stated or presumed to be primary, of lymphoid, haematopoietic and related tissue",313311000006116,90120004,149378014,BBl0.00,BBl0.00,[M]Mycosis fungoides
"Malignant neoplasms, stated or presumed to be primary, of lymphoid, haematopoietic and related tissue",1230735015,4950009,1230735015,BBl1.00,BBl1.00,[M]Sezary's disease
"Malignant neoplasms, stated or presumed to be primary, of lymphoid, haematopoietic and related tissue",291955012,90120004,149378014,BBlz.00,BBlz.00,[M]Mycosis fungoides NOS
"Malignant neoplasms, stated or presumed to be primary, of lymphoid, haematopoietic and related tissue",291957016,21964009,36846011,BBm0.00,BBm0.00,[M]Microglioma
"Malignant neoplasms, stated or presumed to be primary, of lymphoid, haematopoietic and related tissue",215916010,128920006,207600016,BBm1.11,BBm1.11,[M]Malignant reticulosis
"Malignant neoplasms, stated or presumed to be primary, of lymphoid, haematopoietic and related tissue",291959018,414655002,2535406015,BBm5.00,BBm5.00,[M] Peripheral T-cell lymphoma NOS
"Malignant neoplasms, stated or presumed to be primary, of lymphoid, haematopoietic and related tissue",1234836015,835009,1234836015,BBm8.00,BBm8.00,[M] Angioimmunoblastic lymphadenopathy
"Malignant neoplasms, stated or presumed to be primary, of lymphoid, haematopoietic and related tissue",304151000006118,128803008,207315010,BBm9.00,BBm9.00,[M] Monocytoid B-cell lymphoma
"Malignant neoplasms, stated or presumed to be primary, of lymphoid, haematopoietic and related tissue",1225763012,28054005,1225763012,BBmD.00,BBmD.00,[M] Cutaneous lymphoma
"Malignant neoplasms, stated or presumed to be primary, of lymphoid, haematopoietic and related tissue",1229774012,41556003,1229774012,BBmF.00,BBmF.00,[M] Angiocentric immunoproliferative lesion
"Malignant neoplasms, stated or presumed to be primary, of lymphoid, haematopoietic and related tissue",291963013,128929007,207612017,BBmH.00,BBmH.00,[M] Large cell lymphoma
"Malignant neoplasms, stated or presumed to be primary, of lymphoid, haematopoietic and related tissue",304071000006110,255102004,380165011,BBmJ.00,BBmJ.00,[M] Angioendotheliomatosis
"Malignant neoplasms, stated or presumed to be primary, of lymphoid, haematopoietic and related tissue",292083014,128803008,207315010,BBv0.00,BBv0.00,[M]Monocytoid B-cell lymphoma
"Malignant neoplasms, stated or presumed to be primary, of lymphoid, haematopoietic and related tissue",1220814017,128805001,1220814017,BBv2.00,BBv2.00,[M]AngiocentricT-cell lymphoma
"Malignant neoplasms, stated or presumed to be primary, of lymphoid, haematopoietic and related tissue",292170010,308121000,451429010,ByuD100,ByuD100,[X]Other types of follicular non-Hodgkin's lymphoma
"Malignant neoplasms, stated or presumed to be primary, of lymphoid, haematopoietic and related tissue",292173012,109962001,174656018,ByuD200,ByuD200,[X]Other types of diffuse non-Hodgkin's lymphoma
"Malignant neoplasms, stated or presumed to be primary, of lymphoid, haematopoietic and related tissue",292174018,118601006,177020011,ByuD300,ByuD300,[X]Other specified types of non-Hodgkin's lymphoma
"Malignant neoplasms, stated or presumed to be primary, of lymphoid, haematopoietic and related tissue",292191019,109962001,174656018,ByuDC00,ByuDC00,"[X]Diffuse non-Hodgkin's lymphoma, unspecified"
"Malignant neoplasms, stated or presumed to be primary, of lymphoid, haematopoietic and related tissue",404441000006117,277613000,414240018,ByuDD00,ByuDD00,[X]Oth and unspecif peripheral & cutaneous T-cell lymphomas
"Malignant neoplasms, stated or presumed to be primary, of lymphoid, haematopoietic and related tissue",292193016,1091921000000103,2734911000000119,ByuDE00,ByuDE00,[X]Unspecified B-cell non-Hodgkin's lymphoma
"Malignant neoplasms, stated or presumed to be primary, of lymphoid, haematopoietic and related tissue",406154013,118601006,177020011,ByuDF00,ByuDF00,"[X]Non-Hodgkin's lymphoma, unspecified type"
"Malignant neoplasms, stated or presumed to be primary, of lymphoid, haematopoietic and related tissue",400011000006119,118601006,2663475013,ByuDF11,ByuDF11,[X]Non-Hodgkin's lymphoma NOS
"Malignant neoplasms, stated or presumed to be primary, of lymphoid, haematopoietic and related tissue",51959012,31047003,51959012,M162800,M162800,Lymphomatoid papulosis
"Malignant neoplasms, stated or presumed to be primary, of lymphoid, haematopoietic and related tissue",289908018,188741003,289908018,,B65y000,Aleukaemic myeloid leukaemia
"Malignant neoplasms, stated or presumed to be primary, of lymphoid, haematopoietic and related tissue",880831000006112,92814006,880831000006112,,B641.99,Lymphoid leukaemia - chronic
"Malignant neoplasms, stated or presumed to be primary, of lymphoid, haematopoietic and related tissue",880861000006115,92818009,880861000006115,,B651.99,Myeloid leukaemia - chronic
"Malignant neoplasms, stated or presumed to be primary, of lymphoid, haematopoietic and related tissue",11906781000006110,93451002,308321000006115,,,[m]erythroleukaemia
"Malignant neoplasms, stated or presumed to be primary, of lymphoid, haematopoietic and related tissue",3759591000006119,77430005,503568014,,,adult t-cell leukaemia
"Malignant neoplasms, stated or presumed to be primary, of lymphoid, haematopoietic and related tissue",3068701000006115,35287006,58886018,,,chloroma
"Malignant neoplasms, stated or presumed to be primary, of lymphoid, haematopoietic and related tissue",3530521000006112,63364005,499574013,,,chronic granulocytic leukaemia
"Malignant neoplasms, stated or presumed to be primary, of lymphoid, haematopoietic and related tissue",12724401000006116,662431000000108,1454731000000117,,,chronic leukaemia nos
"Malignant neoplasms, stated or presumed to be primary, of lymphoid, haematopoietic and related tissue",3327961000006112,51092000,495908014,,,chronic lymphatic leukaemia
"Malignant neoplasms, stated or presumed to be primary, of lymphoid, haematopoietic and related tissue",3530471000006114,63364005,499573019,,,chronic myeloid leukaemia
"Malignant neoplasms, stated or presumed to be primary, of lymphoid, haematopoietic and related tissue",4020861000006119,93451002,201658011,,,di guglielmo's disease
"Malignant neoplasms, stated or presumed to be primary, of lymphoid, haematopoietic and related tissue",3068711000006117,35287006,58887010,,,granulocytic sarcoma
"Malignant neoplasms, stated or presumed to be primary, of lymphoid, haematopoietic and related tissue",12702811000006116,54087003,496857016,,,hairy cell leukaemia
"Malignant neoplasms, stated or presumed to be primary, of lymphoid, haematopoietic and related tissue",12720971000006112,536101000000106,1196481000000114,,,leukaemia nos
"Malignant neoplasms, stated or presumed to be primary, of lymphoid, haematopoietic and related tissue",12724381000006116,662411000000100,1454701000000111,,,leukaemia of unspecified cell type
"Malignant neoplasms, stated or presumed to be primary, of lymphoid, haematopoietic and related tissue",3377381000006119,54087003,496859018,,,leukaemic reticuloendotheliosis
"Malignant neoplasms, stated or presumed to be primary, of lymphoid, haematopoietic and related tissue",11926201000006120,118613001,745061000006110,,,leukaemic reticuloendotheliosis of unspecified sites
"Malignant neoplasms, stated or presumed to be primary, of lymphoid, haematopoietic and related tissue",3019991000006117,32280000,485180019,,,lymphatic leukaemia
"Malignant neoplasms, stated or presumed to be primary, of lymphoid, haematopoietic and related tissue",4420081000006111,128924002,474674012,,,mast cell leukaemia
"Malignant neoplasms, stated or presumed to be primary, of lymphoid, haematopoietic and related tissue",3346481000006113,52220008,496242018,,,megakaryocytic leukaemia
"Malignant neoplasms, stated or presumed to be primary, of lymphoid, haematopoietic and related tissue",2855881000006114,22331004,481317014,,,monoblastic leukaemia
"Malignant neoplasms, stated or presumed to be primary, of lymphoid, haematopoietic and related tissue",3109021000006112,37810007,3109021000006112,,,monocytic leukaemia
"Malignant neoplasms, stated or presumed to be primary, of lymphoid, haematopoietic and related tissue",3108791000006116,37810007,486867011,,,myeloid leukaemia
"Malignant neoplasms, stated or presumed to be primary, of lymphoid, haematopoietic and related tissue",3068691000006115,35287006,58885019,,,myeloid sarcoma
"Malignant neoplasms, stated or presumed to be primary, of lymphoid, haematopoietic and related tissue",3109051000006115,37810007,486861012,,,myelomonocytic leukaemia
"Malignant neoplasms, stated or presumed to be primary, of lymphoid, haematopoietic and related tissue",12725351000006112,634651000000103,1398721000000114,,,other specified leukaemia
"Malignant neoplasms, stated or presumed to be primary, of lymphoid, haematopoietic and related tissue",12731331000006118,662401000000102,1454681000000114,,,other specified leukaemia nos
"Malignant neoplasms, stated or presumed to be primary, of lymphoid, haematopoietic and related tissue",4420051000006115,128923008,474673018,,,prolymphocytic leukaemia
"Malignant neoplasms, stated or presumed to be primary, of lymphoid, haematopoietic and related tissue",745001000006114,118613001,1215903015,B624.00,B624.00,Leukaemic reticuloendotheliosis
"Malignant neoplasms, stated or presumed to be primary, of lymphoid, haematopoietic and related tissue",745011000006112,118613001,1215903015,B624.11,B624.11,Leukaemic reticuloendotheliosis
"Malignant neoplasms, stated or presumed to be primary, of lymphoid, haematopoietic and related tissue",1591211000006111,118613001,2764402015,B624.12,B624.12,Hairy cell leukaemia
"Malignant neoplasms, stated or presumed to be primary, of lymphoid, haematopoietic and related tissue",289756017,118613001,1215903015,B624000,B624000,Leukaemic reticuloendotheliosis of unspecified sites
"Malignant neoplasms, stated or presumed to be primary, of lymphoid, haematopoietic and related tissue",746301000006117,93144003,510216012,B624300,B624300,Leukaemic reticuloend of intra-abdominal lymph nodes
"Malignant neoplasms, stated or presumed to be primary, of lymphoid, haematopoietic and related tissue",289773015,118613001,1215903015,B624z00,B624z00,Leukaemic reticuloendotheliosis NOS
"Malignant neoplasms, stated or presumed to be primary, of lymphoid, haematopoietic and related tissue",289876019,188725004,289876019,B64..00,B64..00,Lymphoid leukaemia
"Malignant neoplasms, stated or presumed to be primary, of lymphoid, haematopoietic and related tissue",289875015,188725004,289875015,B64..11,B64..11,Lymphatic leukaemia
"Malignant neoplasms, stated or presumed to be primary, of lymphoid, haematopoietic and related tissue",201652012,92814006,201652012,B641.00,B641.00,Chronic lymphoid leukaemia
"Malignant neoplasms, stated or presumed to be primary, of lymphoid, haematopoietic and related tissue",555131000006118,92814006,1207831017,B641.11,B641.11,Chronic lymphatic leukaemia
"Malignant neoplasms, stated or presumed to be primary, of lymphoid, haematopoietic and related tissue",414008012,277473004,414008012,B641000,B641000,B-cell chronic lymphocytic leukaemia
"Malignant neoplasms, stated or presumed to be primary, of lymphoid, haematopoietic and related tissue",2168681000000112,277473004,2168681000000112,B641011,,Chronic lymphocytic leukaemia of B-cell type
"Malignant neoplasms, stated or presumed to be primary, of lymphoid, haematopoietic and related tissue",2233381000000115,863741000000108,2233381000000115,B641100,,Clinical stage A chronic lymphocytic leukaemia
"Malignant neoplasms, stated or presumed to be primary, of lymphoid, haematopoietic and related tissue",2233421000000112,863761000000109,2233421000000112,B641200,B641200,Clinical stage B chronic lymphocytic leukaemia
"Malignant neoplasms, stated or presumed to be primary, of lymphoid, haematopoietic and related tissue",2233461000000116,863781000000100,2233461000000116,B641300,B641300,Clinical stage C chronic lymphocytic leukaemia
"Malignant neoplasms, stated or presumed to be primary, of lymphoid, haematopoietic and related tissue",289881011,188725004,289876019,B64y.00,B64y.00,Other lymphoid leukaemia
"Malignant neoplasms, stated or presumed to be primary, of lymphoid, haematopoietic and related tissue",202801000006110,110006004,2765132011,B64y100,B64y100,Prolymphocytic leukaemia
"Malignant neoplasms, stated or presumed to be primary, of lymphoid, haematopoietic and related tissue",289885019,188729005,289885019,B64y200,B64y200,Adult T-cell leukaemia
"Malignant neoplasms, stated or presumed to be primary, of lymphoid, haematopoietic and related tissue",414248013,277619001,414248013,B64y300,B64y300,B-cell prolymphocytic leukaemia
"Malignant neoplasms, stated or presumed to be primary, of lymphoid, haematopoietic and related tissue",414151014,277567002,414151014,B64y400,B64y400,T-cell prolymphocytic leukaemia
"Malignant neoplasms, stated or presumed to be primary, of lymphoid, haematopoietic and related tissue",1815601000006111,110007008,345042017,B64y500,,Adult T-cell lymphoma/leukaemia (HTLV-1-associated)
"Malignant neoplasms, stated or presumed to be primary, of lymphoid, haematopoietic and related tissue",289888017,188725004,289876019,B64yz00,B64yz00,Other lymphoid leukaemia NOS
"Malignant neoplasms, stated or presumed to be primary, of lymphoid, haematopoietic and related tissue",289889013,188725004,289876019,B64z.00,B64z.00,Lymphoid leukaemia NOS
"Malignant neoplasms, stated or presumed to be primary, of lymphoid, haematopoietic and related tissue",289892012,188732008,289892012,B65..00,B65..00,Myeloid leukaemia
"Malignant neoplasms, stated or presumed to be primary, of lymphoid, haematopoietic and related tissue",201656010,92818009,201656010,B651.00,B651.00,Chronic myeloid leukaemia
"Malignant neoplasms, stated or presumed to be primary, of lymphoid, haematopoietic and related tissue",554641000006115,92818009,1217279014,B651.11,B651.11,Chronic granulocytic leukaemia
"Malignant neoplasms, stated or presumed to be primary, of lymphoid, haematopoietic and related tissue",1815631000006115,449108003,2901809010,B651100,,"Chronic myeloid leukaemia, BCR/ABL positive"
"Malignant neoplasms, stated or presumed to be primary, of lymphoid, haematopoietic and related tissue",289898011,188734009,289898011,B651200,B651200,Chronic neutrophilic leukaemia
"Malignant neoplasms, stated or presumed to be primary, of lymphoid, haematopoietic and related tissue",474604011,449386007,2899857015,B651300,B651300,"Atypical chronic myeloid leukaemia, BCR/ABL negative"
"Malignant neoplasms, stated or presumed to be primary, of lymphoid, haematopoietic and related tissue",289900013,92818009,201656010,B651z00,B651z00,Chronic myeloid leukaemia NOS
"Malignant neoplasms, stated or presumed to be primary, of lymphoid, haematopoietic and related tissue",157091019,94719007,157091019,B653.00,B653.00,Myeloid sarcoma
"Malignant neoplasms, stated or presumed to be primary, of lymphoid, haematopoietic and related tissue",289903010,188737002,289903010,B653000,B653000,Chloroma
"Malignant neoplasms, stated or presumed to be primary, of lymphoid, haematopoietic and related tissue",289904016,188738007,289904016,B653100,B653100,Granulocytic sarcoma
"Malignant neoplasms, stated or presumed to be primary, of lymphoid, haematopoietic and related tissue",289911017,188732008,289892012,B65yz00,B65yz00,Other myeloid leukaemia NOS
"Malignant neoplasms, stated or presumed to be primary, of lymphoid, haematopoietic and related tissue",289912012,188732008,289892012,B65z.00,B65z.00,Myeloid leukaemia NOS
"Malignant neoplasms, stated or presumed to be primary, of lymphoid, haematopoietic and related tissue",289917018,188744006,289917018,B66..00,B66..00,Monocytic leukaemia
"Malignant neoplasms, stated or presumed to be primary, of lymphoid, haematopoietic and related tissue",289921013,188744006,289921013,B66..11,B66..11,Histiocytic leukaemia
"Malignant neoplasms, stated or presumed to be primary, of lymphoid, haematopoietic and related tissue",289919015,188744006,289919015,B66..12,B66..12,Monoblastic leukaemia
"Malignant neoplasms, stated or presumed to be primary, of lymphoid, haematopoietic and related tissue",289923011,188745007,289923011,B661.00,B661.00,Chronic monocytic leukaemia
"Malignant neoplasms, stated or presumed to be primary, of lymphoid, haematopoietic and related tissue",289926015,188744006,289917018,B66y.00,B66y.00,Other monocytic leukaemia
"Malignant neoplasms, stated or presumed to be primary, of lymphoid, haematopoietic and related tissue",289930017,188744006,289917018,B66yz00,B66yz00,Other monocytic leukaemia NOS
"Malignant neoplasms, stated or presumed to be primary, of lymphoid, haematopoietic and related tissue",289933015,188744006,289917018,B66z.00,B66z.00,Monocytic leukaemia NOS
"Malignant neoplasms, stated or presumed to be primary, of lymphoid, haematopoietic and related tissue",289934014,93143009,154099013,B67..00,B67..00,Other specified leukaemia
"Malignant neoplasms, stated or presumed to be primary, of lymphoid, haematopoietic and related tissue",201658011,93451002,154686014,B670.11,B670.11,Di Guglielmo's disease
"Malignant neoplasms, stated or presumed to be primary, of lymphoid, haematopoietic and related tissue",289949018,188754005,289949018,B672.00,B672.00,Megakaryocytic leukaemia
"Malignant neoplasms, stated or presumed to be primary, of lymphoid, haematopoietic and related tissue",289948014,188754005,289948014,B672.11,B672.11,Thrombocytic leukaemia
"Malignant neoplasms, stated or presumed to be primary, of lymphoid, haematopoietic and related tissue",716871000006112,110002002,2765332017,B673.00,B673.00,Mast cell leukaemia
"Malignant neoplasms, stated or presumed to be primary, of lymphoid, haematopoietic and related tissue",1815691000006116,445738007,2882898013,B677.00,B677.00,Myelodysplastic and myeloproliferative disease
"Malignant neoplasms, stated or presumed to be primary, of lymphoid, haematopoietic and related tissue",289955011,93143009,154099013,B67y.00,B67y.00,Other and unspecified leukaemia
"Malignant neoplasms, stated or presumed to be primary, of lymphoid, haematopoietic and related tissue",731621000006113,188725004,289876019,B67y000,B67y000,Lymphosarcoma cell leukaemia
"Malignant neoplasms, stated or presumed to be primary, of lymphoid, haematopoietic and related tissue",289959017,93143009,154099013,B67yz00,B67yz00,Other and unspecified leukaemia NOS
"Malignant neoplasms, stated or presumed to be primary, of lymphoid, haematopoietic and related tissue",289960010,93143009,154099013,B67z.00,B67z.00,Other specified leukaemia NOS
"Malignant neoplasms, stated or presumed to be primary, of lymphoid, haematopoietic and related tissue",289963012,93143009,154099013,B68..00,B68..00,Leukaemia of unspecified cell type
"Malignant neoplasms, stated or presumed to be primary, of lymphoid, haematopoietic and related tissue",289967013,92812005,201651017,B681.00,B681.00,Chronic leukaemia NOS
"Malignant neoplasms, stated or presumed to be primary, of lymphoid, haematopoietic and related tissue",289971011,93143009,154099013,B68y.00,B68y.00,Other leukaemia of unspecified cell type
"Malignant neoplasms, stated or presumed to be primary, of lymphoid, haematopoietic and related tissue",289972016,93143009,154099013,B68z.00,B68z.00,Leukaemia NOS
"Malignant neoplasms, stated or presumed to be primary, of lymphoid, haematopoietic and related tissue",289974015,188768003,289974015,B69..00,B69..00,Myelomonocytic leukaemia
"Malignant neoplasms, stated or presumed to be primary, of lymphoid, haematopoietic and related tissue",474077018,127225006,474077018,B691.00,B691.00,Chronic myelomonocytic leukaemia
"Malignant neoplasms, stated or presumed to be primary, of lymphoid, haematopoietic and related tissue",2871720012,445227008,2871720012,B693.00,B693.00,Juvenile myelomonocytic leukaemia
"Malignant neoplasms, stated or presumed to be primary, of lymphoid, haematopoietic and related tissue",311021000006113,87163000,1217045015,BBr..00,BBr..00,[M]Leukaemias
"Malignant neoplasms, stated or presumed to be primary, of lymphoid, haematopoietic and related tissue",291984015,128931003,207615015,BBr0.00,BBr0.00,[M]Leukaemias unspecified
"Malignant neoplasms, stated or presumed to be primary, of lymphoid, haematopoietic and related tissue",310991000006116,128931003,207615015,BBr0000,BBr0000,[M]Leukaemia NOS
"Malignant neoplasms, stated or presumed to be primary, of lymphoid, haematopoietic and related tissue",306001000006110,24072005,1216160012,BBr0111,BBr0111,[M]Blast cell leukaemia
"Malignant neoplasms, stated or presumed to be primary, of lymphoid, haematopoietic and related tissue",306011000006113,24072005,1216160012,BBr0112,BBr0112,[M]Blastic leukaemia
"Malignant neoplasms, stated or presumed to be primary, of lymphoid, haematopoietic and related tissue",317011000006112,24072005,1216160012,BBr0113,BBr0113,[M]Stem cell leukaemia
"Malignant neoplasms, stated or presumed to be primary, of lymphoid, haematopoietic and related tissue",306921000006118,128933000,474680016,BBr0300,BBr0300,[M]Chronic leukaemia NOS
"Malignant neoplasms, stated or presumed to be primary, of lymphoid, haematopoietic and related tissue",291992012,128931003,207615015,BBr0400,BBr0400,[M]Aleukaemic leukaemia NOS
"Malignant neoplasms, stated or presumed to be primary, of lymphoid, haematopoietic and related tissue",291995014,128931003,207615015,BBr0z00,BBr0z00,"[M]Leukaemia unspecified, NOS"
"Malignant neoplasms, stated or presumed to be primary, of lymphoid, haematopoietic and related tissue",292005016,128935007,207619014,BBr2.00,BBr2.00,[M]Lymphoid leukaemias
"Malignant neoplasms, stated or presumed to be primary, of lymphoid, haematopoietic and related tissue",1216396015,32280000,1216396015,BBr2000,BBr2000,[M]Lymphoid leukaemia NOS
"Malignant neoplasms, stated or presumed to be primary, of lymphoid, haematopoietic and related tissue",311311000006115,32280000,1216396015,BBr2011,BBr2011,[M]Lymphatic leukaemia
"Malignant neoplasms, stated or presumed to be primary, of lymphoid, haematopoietic and related tissue",306931000006115,51092000,495910011,BBr2300,BBr2300,[M]Chronic lymphoid leukaemia
"Malignant neoplasms, stated or presumed to be primary, of lymphoid, haematopoietic and related tissue",1216015014,128923008,1216015014,BBr2500,BBr2500,[M]Prolymphocytic leukaemia
"Malignant neoplasms, stated or presumed to be primary, of lymphoid, haematopoietic and related tissue",306171000006115,22197008,481253013,BBr2600,BBr2600,[M]Burkitt's cell leukaemia
"Malignant neoplasms, stated or presumed to be primary, of lymphoid, haematopoietic and related tissue",1216940017,77430005,1216940017,BBr2700,BBr2700,[M]Adult T-cell leukaemia/lymphoma
"Malignant neoplasms, stated or presumed to be primary, of lymphoid, haematopoietic and related tissue",292018012,93451002,154686014,BBr4.00,BBr4.00,[M]Erythroleukaemias
"Malignant neoplasms, stated or presumed to be primary, of lymphoid, haematopoietic and related tissue",1216029010,93451002,154686014,BBr4000,BBr4000,[M]Erythroleukaemia
"Malignant neoplasms, stated or presumed to be primary, of lymphoid, haematopoietic and related tissue",292024018,14317002,24346014,BBr4z00,BBr4z00,[M]Erythroleukaemia NOS
"Malignant neoplasms, stated or presumed to be primary, of lymphoid, haematopoietic and related tissue",292032014,128934006,207618018,BBr6.00,BBr6.00,[M]Myeloid leukaemias
"Malignant neoplasms, stated or presumed to be primary, of lymphoid, haematopoietic and related tissue",1216572014,37810007,1216572014,BBr6000,BBr6000,[M]Myeloid leukaemia NOS
"Malignant neoplasms, stated or presumed to be primary, of lymphoid, haematopoietic and related tissue",309521000006115,37810007,1216572014,BBr6011,BBr6011,[M]Granulocytic leukaemia NOS
"Malignant neoplasms, stated or presumed to be primary, of lymphoid, haematopoietic and related tissue",1216809013,63364005,1216809013,BBr6300,BBr6300,[M]Chronic myeloid leukaemia
"Malignant neoplasms, stated or presumed to be primary, of lymphoid, haematopoietic and related tissue",313621000006115,63364005,1216809013,BBr6311,BBr6311,[M]Naegeli-type monocytic leukaemia
"Malignant neoplasms, stated or presumed to be primary, of lymphoid, haematopoietic and related tissue",306971000006117,128831004,474620018,BBr6800,BBr6800,[M]Chronic myelomonocytic leukaemia
"Malignant neoplasms, stated or presumed to be primary, of lymphoid, haematopoietic and related tissue",1870401000006112,128832006,474621019,BBr6900,,[M]Juvenile myelomonocytic leukaemia
"Malignant neoplasms, stated or presumed to be primary, of lymphoid, haematopoietic and related tissue",292041016,128934006,207618018,BBr6z00,BBr6z00,[M]Other myeloid leukaemia NOS
"Malignant neoplasms, stated or presumed to be primary, of lymphoid, haematopoietic and related tissue",1216868019,69077002,1216868019,BBr7000,BBr7000,[M]Basophilic leukaemia
"Malignant neoplasms, stated or presumed to be primary, of lymphoid, haematopoietic and related tissue",312961000006113,87163000,144534015,BBr9000,BBr9000,[M]Monocytic leukaemia NOS
"Malignant neoplasms, stated or presumed to be primary, of lymphoid, haematopoietic and related tissue",292065018,128931003,207615015,BBrA.00,BBrA.00,[M]Miscellaneous leukaemias
"Malignant neoplasms, stated or presumed to be primary, of lymphoid, haematopoietic and related tissue",312211000006119,52220008,86902018,BBrA100,BBrA100,[M]Megakaryocytic leukaemia
"Malignant neoplasms, stated or presumed to be primary, of lymphoid, haematopoietic and related tissue",317571000006112,52220008,86902018,BBrA111,BBrA111,[M]Thrombocytic leukaemia
"Malignant neoplasms, stated or presumed to be primary, of lymphoid, haematopoietic and related tissue",1216729017,54087003,1216729017,BBrA400,BBrA400,[M]Hairy cell leukaemia
"Malignant neoplasms, stated or presumed to be primary, of lymphoid, haematopoietic and related tissue",292077011,128931003,207615015,BBrAz00,BBrAz00,[M]Miscellaneous leukaemia NOS
"Malignant neoplasms, stated or presumed to be primary, of lymphoid, haematopoietic and related tissue",291985019,128931003,207615015,BBrz.00,BBrz.00,[M]Leukaemia NOS
"Malignant neoplasms, stated or presumed to be primary, of lymphoid, haematopoietic and related tissue",292177013,188725004,289876019,ByuD500,ByuD500,[X]Other lymphoid leukaemia
"Malignant neoplasms, stated or presumed to be primary, of lymphoid, haematopoietic and related tissue",292178015,188732008,289892012,ByuD600,ByuD600,[X]Other myeloid leukaemia
"Malignant neoplasms, stated or presumed to be primary, of lymphoid, haematopoietic and related tissue",292181013,188744006,289917018,ByuD700,ByuD700,[X]Other monocytic leukaemia
"Malignant neoplasms, stated or presumed to be primary, of lymphoid, haematopoietic and related tissue",292182018,93143009,154099013,ByuD800,ByuD800,[X]Other specified leukaemias
"Malignant neoplasms, stated or presumed to be primary, of lymphoid, haematopoietic and related tissue",292185016,93143009,154099013,ByuD900,ByuD900,[X]Other leukaemia of unspecified cell type
