Condition,ReadCode,CleansedReadCode,Term
Epilepsy,,,Adverse reaction to Drugs Used In Control Of Epilepsy
Epilepsy,,,Contraceptive advice for patients on valproate for epilepsy
Epilepsy,,,Epilepsy monitoring administration
Epilepsy,,,Epilepsy monitoring default
Epilepsy,,,Epilepsy monitoring in primary care
Epilepsy,,,Epilepsy monitoring in secondary care
Epilepsy,,,Epilepsy monitoring telephone invitation
Epilepsy,,,Epilepsy treatment compliance good
Epilepsy,,,Epilepsy treatment compliance poor
Epilepsy,,,Epilepsy treatment continued
Epilepsy,,,Grand mal epilepsy
Epilepsy,,,Neurological Disorders Depression Inventory in Epilepsy
Epilepsy,,,Partial epilepsy
Epilepsy,,,Petit mal epilepsy
Epilepsy,,,Petit-mal epilepsy
Epilepsy,,,Post traumatic epilepsy
Epilepsy,,,Reason for referral: Epilepsy
Epilepsy,,,[RFC] Epilepsy/convulsion
Epilepsy,,,dravet syndrome
Epilepsy,,,epilepsy associated problems
Epilepsy,,,epilepsy drug side effects
Epilepsy,,,epilepsy monitoring
Epilepsy,,,epilepsy monitoring call first letter
Epilepsy,,,epilepsy monitoring call second letter
Epilepsy,,,epilepsy monitoring call third letter
Epilepsy,,,generalised nonconvulsive epilepsy
Epilepsy,,,infantile spasms
Epilepsy,,,nocturnal epilepsy
Epilepsy,,,petit mal status
Epilepsy,,,salaam attacks
Epilepsy,,,unverricht - lundborg disease
Epilepsy,1B1W.00,,Transient epileptic amnesia
Epilepsy,1O30.00,,Epilepsy confirmed
Epilepsy,2126000,,Epilepsy resolved
Epilepsy,212J.00,,Epilepsy resolved
Epilepsy,6110,,Contraceptive advice for patients with epilepsy
Epilepsy,667..00,,Epilepsy monitoring
Epilepsy,6674,,Epilepsy associated problems
Epilepsy,6677,,Epilepsy drug side effects
Epilepsy,6678,,Epilepsy treatment changed
Epilepsy,6679,,Epilepsy treatment started
Epilepsy,667A.00,,Epilepsy treatment stopped
Epilepsy,667B.00,,Nocturnal epilepsy
Epilepsy,667C.00,,Epilepsy control good
Epilepsy,667D.00,,Epilepsy control poor
Epilepsy,667E.00,,Epilepsy care arrangement
Epilepsy,667F.00,,Seizure free >12 months
Epilepsy,667G.00,,Epilepsy restricts employment
Epilepsy,667H.00,,Epilepsy prevents employment
Epilepsy,667J.00,,Epilepsy impairs education
Epilepsy,667K.00,,Epilepsy limits activities
Epilepsy,667L.00,,Epilepsy does not limit activities
Epilepsy,667M.00,,Epilepsy management plan given
Epilepsy,667N.00,,Epilepsy severity
Epilepsy,667P.00,,No seizures on treatment
Epilepsy,667Q.00,,1 to 12 seizures a year
Epilepsy,667R.00,,2 to 4 seizures a month
Epilepsy,667S.00,,1 to 7 seizures a week
Epilepsy,667T.00,,Daily seizures
Epilepsy,667V.00,,Many seizures a day
Epilepsy,667X.00,,No epilepsy drug side effects
Epilepsy,667Z.00,,Epilepsy monitoring NOS
Epilepsy,67AF.00,,Pregnancy advice for patients with epilepsy
Epilepsy,67IJ000,,Pre-conception advice for patients with epilepsy
Epilepsy,8BIF.00,,Epilepsy medication review
Epilepsy,9Of3.00,,Epilepsy monitoring verbal invite
Epilepsy,9Of4.00,,Epilepsy monitoring telephone invite
Epilepsy,9Of5.00,,Epilepsy monitoring call first letter
Epilepsy,9Of6.00,,Epilepsy monitoring call second letter
Epilepsy,9Of7.00,,Epilepsy monitoring call third letter
Epilepsy,Eu05212,,[X]Schizophrenia-like psychosis in epilepsy
Epilepsy,Eu05y11,,[X]Epileptic psychosis NOS
Epilepsy,Eu06013,,[X]Limbic epilepsy personality
Epilepsy,Eu80300,,[X]Acquired aphasia with epilepsy [Landau - Kleffner]
Epilepsy,F132100,,Progressive myoclonic epilepsy
Epilepsy,F132111,,Unverricht - Lundborg disease
Epilepsy,F132200,,Myoclonic encephalopathy
Epilepsy,F142200,,Dyssynergia cerebellaris myoclonica
Epilepsy,F25..00,,Epilepsy
Epilepsy,F250.00,,Generalised nonconvulsive epilepsy
Epilepsy,F250000,,Petit mal (minor) epilepsy
Epilepsy,F250011,,Epileptic absences
Epilepsy,F250100,,Pykno-epilepsy
Epilepsy,F250200,,Epileptic seizures - atonic
Epilepsy,F250300,,Epileptic seizures - akinetic
Epilepsy,F250400,,Juvenile absence epilepsy
Epilepsy,F250500,,Lennox-Gastaut syndrome
Epilepsy,F250y00,,Other specified generalised nonconvulsive epilepsy
Epilepsy,F250z00,,Generalised nonconvulsive epilepsy NOS
Epilepsy,F251.00,,Generalised convulsive epilepsy
Epilepsy,F251000,,Grand mal (major) epilepsy
Epilepsy,F251011,,Tonic-clonic epilepsy
Epilepsy,F251111,,Otohara syndrome
Epilepsy,F251200,,Epileptic seizures - clonic
Epilepsy,F251300,,Epileptic seizures - myoclonic
Epilepsy,F251400,,Epileptic seizures - tonic
Epilepsy,F251500,,Tonic-clonic epilepsy
Epilepsy,F251y00,,Other specified generalised convulsive epilepsy
Epilepsy,F251z00,,Generalised convulsive epilepsy NOS
Epilepsy,F252.00,,Petit mal status
Epilepsy,F253.00,,Grand mal status
Epilepsy,F253.11,,Status epilepticus
Epilepsy,F254.00,,Partial epilepsy with impairment of consciousness
Epilepsy,F254000,,Temporal lobe epilepsy
Epilepsy,F254100,,Psychomotor epilepsy
Epilepsy,F254200,,Psychosensory epilepsy
Epilepsy,F254300,,Limbic system epilepsy
Epilepsy,F254400,,Epileptic automatism
Epilepsy,F254500,,Complex partial epileptic seizure
Epilepsy,F254z00,,Partial epilepsy with impairment of consciousness NOS
Epilepsy,F255.00,,Partial epilepsy without impairment of consciousness
Epilepsy,F255000,,"Jacksonian, focal or motor epilepsy"
Epilepsy,F255011,,Focal epilepsy
Epilepsy,F255012,,Motor epilepsy
Epilepsy,F255100,,Sensory induced epilepsy
Epilepsy,F255200,,Somatosensory epilepsy
Epilepsy,F255300,,Visceral reflex epilepsy
Epilepsy,F255311,,Partial epilepsy with autonomic symptoms
Epilepsy,F255400,,Visual reflex epilepsy
Epilepsy,F255500,,Unilateral epilepsy
Epilepsy,F255600,,Simple partial epileptic seizure
Epilepsy,F255y00,,Partial epilepsy without impairment of consciousness OS
Epilepsy,F255z00,,Partial epilepsy without impairment of consciousness NOS
Epilepsy,F256.00,,Infantile spasms
Epilepsy,F256.11,,Lightning spasms
Epilepsy,F256.12,,West syndrome
Epilepsy,F256000,,Hypsarrhythmia
Epilepsy,F256100,,Salaam attacks
Epilepsy,F256z00,,Infantile spasms NOS
Epilepsy,F257.00,,Kojevnikov's epilepsy
Epilepsy,F258.00,,Post-ictal state
Epilepsy,F259.00,,Early infant epileptic encephalopathy wth suppression bursts
Epilepsy,F259.11,,Ohtahara syndrome
Epilepsy,F25A.00,,Juvenile myoclonic epilepsy
Epilepsy,F25B.00,,Alcohol-induced epilepsy
Epilepsy,F25C.00,,Drug-induced epilepsy
Epilepsy,F25D.00,,Menstrual epilepsy
Epilepsy,F25E.00,,Stress-induced epilepsy
Epilepsy,F25F.00,,Photosensitive epilepsy
Epilepsy,F25G.00,,Severe myoclonic epilepsy in infancy
Epilepsy,F25G.11,,Dravet syndrome
Epilepsy,F25X.00,,"Status epilepticus, unspecified"
Epilepsy,F25y.00,,Other forms of epilepsy
Epilepsy,F25y000,,Cursive (running) epilepsy
Epilepsy,F25y100,,Gelastic epilepsy
Epilepsy,F25y200,,Locl-rlt(foc)(part)idiop epilep&epilptic syn seiz locl onset
Epilepsy,F25y300,,Complex partial status epilepticus
Epilepsy,F25y400,,Benign Rolandic epilepsy
Epilepsy,F25y500,,Panayiotopoulos syndrome
Epilepsy,F25yz00,,Other forms of epilepsy NOS
Epilepsy,F25z.00,,Epilepsy NOS
Epilepsy,F25z.11,,Fit (in known epileptic) NOS
Epilepsy,Fyu5000,,[X]Other generalized epilepsy and epileptic syndromes
Epilepsy,Fyu5100,,[X]Other epilepsy
Epilepsy,Fyu5200,,[X]Other status epilepticus
Epilepsy,Fyu5900,,"[X]Status epilepticus, unspecified"
