Condition,SNOMED_Code,SnomedCTDescriptionId,Term
"Diseases of veins, lymphatic vessels and lymph nodes, note eslewhere classified",161509009,251690014,H/O: varicose veins
"Diseases of veins, lymphatic vessels and lymph nodes, note eslewhere classified",163052007,254104013,O/E - varicose veins
"Diseases of veins, lymphatic vessels and lymph nodes, note eslewhere classified",705031001,2463941000000119,LYMQOL (Lymphoedema Quality of Life Tool) - leg
"Diseases of veins, lymphatic vessels and lymph nodes, note eslewhere classified",302357009,443996017,Cockett subfascial ligation of perforating varicose vein
"Diseases of veins, lymphatic vessels and lymph nodes, note eslewhere classified",302357009,443996017,Subfascial ligation of varicose veins
"Diseases of veins, lymphatic vessels and lymph nodes, note eslewhere classified",15617002,1221208011,Ligation of varicose vein of leg
"Diseases of veins, lymphatic vessels and lymph nodes, note eslewhere classified",175819004,272209014,Ligation of recurrent varicose vein of leg
"Diseases of veins, lymphatic vessels and lymph nodes, note eslewhere classified",265543008,394358017,Ligation of perforating varicose vein of leg
"Diseases of veins, lymphatic vessels and lymph nodes, note eslewhere classified",265543008,394358017,Linton ligation of perforating varicose vein of leg
"Diseases of veins, lymphatic vessels and lymph nodes, note eslewhere classified",15617002,26472016,Other specified ligation of varicose vein of leg
"Diseases of veins, lymphatic vessels and lymph nodes, note eslewhere classified",15617002,1221208011,Ligation of varicose vein of leg NOS
"Diseases of veins, lymphatic vessels and lymph nodes, note eslewhere classified",449705007,2913093017,Injection of varicose vein of lower limb
"Diseases of veins, lymphatic vessels and lymph nodes, note eslewhere classified",449708009,2912878012,Injection sclerotherapy of varicose vein of lower limb
"Diseases of veins, lymphatic vessels and lymph nodes, note eslewhere classified",425542000,2675890017,Ultrasound guided foam sclerotherapy for varicose vein of leg
"Diseases of veins, lymphatic vessels and lymph nodes, note eslewhere classified",429623000,2900604011,Transilluminated powered phlebectomy for varicose vein of leg
"Diseases of veins, lymphatic vessels and lymph nodes, note eslewhere classified",449708009,2912878012,Injection of sclerosing substance into varicose vein leg NEC
"Diseases of veins, lymphatic vessels and lymph nodes, note eslewhere classified",80227005,133111010,Other specified injection into varicose vein of leg
"Diseases of veins, lymphatic vessels and lymph nodes, note eslewhere classified",449705007,2913093017,Injection into varicose vein of leg NOS
"Diseases of veins, lymphatic vessels and lymph nodes, note eslewhere classified",274023003,409763017,Other operations on varicose vein of leg
"Diseases of veins, lymphatic vessels and lymph nodes, note eslewhere classified",9365003,16429014,Stripping of lower limb varicose veins
"Diseases of veins, lymphatic vessels and lymph nodes, note eslewhere classified",265855005,394888016,Mayo stripping of varicose vein
"Diseases of veins, lymphatic vessels and lymph nodes, note eslewhere classified",265545001,394360015,Avulsion of varicose vein of leg
"Diseases of veins, lymphatic vessels and lymph nodes, note eslewhere classified",265545001,394360015,Babcock subcutaneous enucleation of varicose veins
"Diseases of veins, lymphatic vessels and lymph nodes, note eslewhere classified",175834005,272234014,Local excision of varicose vein of leg
"Diseases of veins, lymphatic vessels and lymph nodes, note eslewhere classified",449700002,2912769012,Incision of varicose vein of lower limb
"Diseases of veins, lymphatic vessels and lymph nodes, note eslewhere classified",448606008,2398391000000112,Endovascular radiofrequency ablation of varicose vein of leg
"Diseases of veins, lymphatic vessels and lymph nodes, note eslewhere classified",713158000,1088601000000114,Endovascular laser ablation of varicose vein of leg
"Diseases of veins, lymphatic vessels and lymph nodes, note eslewhere classified",274023003,409763017,Other specified other operation on varicose vein of leg
"Diseases of veins, lymphatic vessels and lymph nodes, note eslewhere classified",274023003,409763017,Varicose vein operation
"Diseases of veins, lymphatic vessels and lymph nodes, note eslewhere classified",274023003,409763017,Combined operations on varicose vein of leg
"Diseases of veins, lymphatic vessels and lymph nodes, note eslewhere classified",274023003,409763017,Other specified combined operations on varicose vein of leg
"Diseases of veins, lymphatic vessels and lymph nodes, note eslewhere classified",274023003,409763017,Combined operations on varicose vein of leg NOS
"Diseases of veins, lymphatic vessels and lymph nodes, note eslewhere classified",274023003,409763017,Transluminal operations on varicose vein of leg
"Diseases of veins, lymphatic vessels and lymph nodes, note eslewhere classified",448606008,2901369015,Endovenous radiofrequency obliteration of varicose vein of lower limb
"Diseases of veins, lymphatic vessels and lymph nodes, note eslewhere classified",609166008,2958283018,Percutaneous transluminal laser ablation of varicose vein of lower limb
"Diseases of veins, lymphatic vessels and lymph nodes, note eslewhere classified",274023003,409763017,Other specified transluminal operations on varicose vein leg
"Diseases of veins, lymphatic vessels and lymph nodes, note eslewhere classified",274023003,409763017,Transluminal operations on varicose vein of leg NOS
"Diseases of veins, lymphatic vessels and lymph nodes, note eslewhere classified",47700006,79485019,Excision of lymphoedema tissue
"Diseases of veins, lymphatic vessels and lymph nodes, note eslewhere classified",265007006,393534013,Excision of lymphoedematous tissue of arm
"Diseases of veins, lymphatic vessels and lymph nodes, note eslewhere classified",265007006,393534013,Charles correction for lymphoedema of arm
"Diseases of veins, lymphatic vessels and lymph nodes, note eslewhere classified",47700006,79485019,Thompson correction for lymphoedema
"Diseases of veins, lymphatic vessels and lymph nodes, note eslewhere classified",302469000,444156010,Excision of lymphoedematous tissue of leg
"Diseases of veins, lymphatic vessels and lymph nodes, note eslewhere classified",234306006,351011012,Gibson excision of lymphoedematous tissue of leg
"Diseases of veins, lymphatic vessels and lymph nodes, note eslewhere classified",234307002,351014016,Homan correction for lymphoedema
"Diseases of veins, lymphatic vessels and lymph nodes, note eslewhere classified",234306006,351011012,Tough excision of lymphoedematous tissue of leg
"Diseases of veins, lymphatic vessels and lymph nodes, note eslewhere classified",178340006,276024011,Excision of lymphoedematous tissue of scrotum
"Diseases of veins, lymphatic vessels and lymph nodes, note eslewhere classified",47700006,79485019,Excision of lymphoedematous tissue NEC
"Diseases of veins, lymphatic vessels and lymph nodes, note eslewhere classified",234305005,351008011,Kondoleon correction for lymphoedema
"Diseases of veins, lymphatic vessels and lymph nodes, note eslewhere classified",445710004,2882783018,Lymphoedema care
"Diseases of veins, lymphatic vessels and lymph nodes, note eslewhere classified",518161000000100,1156251000000114,Referral to community lymphoedema service
"Diseases of veins, lymphatic vessels and lymph nodes, note eslewhere classified",183858000,284064017,Referral to varicose vein clinic
"Diseases of veins, lymphatic vessels and lymph nodes, note eslewhere classified",183981004,284209016,Varicose vein operation planned
"Diseases of veins, lymphatic vessels and lymph nodes, note eslewhere classified",185189000,285169016,Seen in varicose vein clinic
"Diseases of veins, lymphatic vessels and lymph nodes, note eslewhere classified",904571000000103,2326351000000113,Seen in lymphoedema clinic
"Diseases of veins, lymphatic vessels and lymph nodes, note eslewhere classified",892341000000102,2297741000000112,Seen in community lymphoedema clinic
"Diseases of veins, lymphatic vessels and lymph nodes, note eslewhere classified",191394000,294540013,Calcified lymph nodes
"Diseases of veins, lymphatic vessels and lymph nodes, note eslewhere classified",49601007,2474885016,"Vein, lymphatic and circulatory diseases NOS"
"Diseases of veins, lymphatic vessels and lymph nodes, note eslewhere classified",72866009,1788137014,VV - Varicose veins of leg
"Diseases of veins, lymphatic vessels and lymph nodes, note eslewhere classified",195445008,300721013,Varicose veins of the leg with ulcer
"Diseases of veins, lymphatic vessels and lymph nodes, note eslewhere classified",275700003,411635018,Varicose veins of the leg with eczema
"Diseases of veins, lymphatic vessels and lymph nodes, note eslewhere classified",366362000,489882019,Varicose eczema
"Diseases of veins, lymphatic vessels and lymph nodes, note eslewhere classified",195447000,300723011,Varicose veins of the leg with ulcer and eczema
"Diseases of veins, lymphatic vessels and lymph nodes, note eslewhere classified",195448005,300724017,Varicose veins of the leg with rupture
"Diseases of veins, lymphatic vessels and lymph nodes, note eslewhere classified",72866009,121026013,Varicose veins of lower extremity
"Diseases of veins, lymphatic vessels and lymph nodes, note eslewhere classified",234055007,350683012,Varicose veins of leg with long saphenous vein distribution
"Diseases of veins, lymphatic vessels and lymph nodes, note eslewhere classified",234056008,350684018,Varicose veins of leg with short saphenous vein distribution
"Diseases of veins, lymphatic vessels and lymph nodes, note eslewhere classified",195450002,300728019,Infected varicose ulcer
"Diseases of veins, lymphatic vessels and lymph nodes, note eslewhere classified",313254003,457115011,Varicose vein of leg with phlebitis
"Diseases of veins, lymphatic vessels and lymph nodes, note eslewhere classified",402863005,1781953019,Venous ulcer of leg
"Diseases of veins, lymphatic vessels and lymph nodes, note eslewhere classified",72866009,1788137014,Varicose veins of the leg NOS
"Diseases of veins, lymphatic vessels and lymph nodes, note eslewhere classified",128060009,194654014,Venous varices
"Diseases of veins, lymphatic vessels and lymph nodes, note eslewhere classified",128060009,194654014,Other specified varicose veins
"Diseases of veins, lymphatic vessels and lymph nodes, note eslewhere classified",128060009,474288018,Varicose veins
"Diseases of veins, lymphatic vessels and lymph nodes, note eslewhere classified",266273006,395807016,Non-infective lymphatic disorders
"Diseases of veins, lymphatic vessels and lymph nodes, note eslewhere classified",234097001,350732017,Lymphoedema
"Diseases of veins, lymphatic vessels and lymph nodes, note eslewhere classified",33129002,485419019,Post-mastectomy secondary lymphoedema
"Diseases of veins, lymphatic vessels and lymph nodes, note eslewhere classified",33129002,485419019,Elephantiasis-postmastectomy
"Diseases of veins, lymphatic vessels and lymph nodes, note eslewhere classified",234097001,350732017,Other lymphoedema
"Diseases of veins, lymphatic vessels and lymph nodes, note eslewhere classified",234097001,350731012,Elephantiasis-non filarial-NOS
"Diseases of veins, lymphatic vessels and lymph nodes, note eslewhere classified",399889006,1783720014,Primary (congenital) lymphoedema
"Diseases of veins, lymphatic vessels and lymph nodes, note eslewhere classified",28590005,483926012,Secondary lymphoedema
"Diseases of veins, lymphatic vessels and lymph nodes, note eslewhere classified",234097001,350731012,Infantile lymphoedema (praecox)
"Diseases of veins, lymphatic vessels and lymph nodes, note eslewhere classified",234097001,350731012,Lymphoedema praecox
"Diseases of veins, lymphatic vessels and lymph nodes, note eslewhere classified",400158000,1783746013,Lymphoedema tarda
"Diseases of veins, lymphatic vessels and lymph nodes, note eslewhere classified",1035841000000108,2614621000000117,Lymphoedema following breast cancer
"Diseases of veins, lymphatic vessels and lymph nodes, note eslewhere classified",234097001,350732017,Other lymphoedema NOS
"Diseases of veins, lymphatic vessels and lymph nodes, note eslewhere classified",1415005,3466013,Lymphangitis
"Diseases of veins, lymphatic vessels and lymph nodes, note eslewhere classified",78973009,131044013,Chronic lymphangitis
"Diseases of veins, lymphatic vessels and lymph nodes, note eslewhere classified",15607007,26453016,Subacute lymphangitis
"Diseases of veins, lymphatic vessels and lymph nodes, note eslewhere classified",266273006,395807016,Other noninfective lymphatic disorder
"Diseases of veins, lymphatic vessels and lymph nodes, note eslewhere classified",195495009,300822010,Chylocele - nonfilarial
"Diseases of veins, lymphatic vessels and lymph nodes, note eslewhere classified",52985009,88149012,Chylous ascites
"Diseases of veins, lymphatic vessels and lymph nodes, note eslewhere classified",195497001,300826013,Chylous cyst
"Diseases of veins, lymphatic vessels and lymph nodes, note eslewhere classified",195498006,300827016,Lymph node fistula
"Diseases of veins, lymphatic vessels and lymph nodes, note eslewhere classified",195499003,300828014,Lymph vessel fistula
"Diseases of veins, lymphatic vessels and lymph nodes, note eslewhere classified",195500007,300829018,Lymph node infarction
"Diseases of veins, lymphatic vessels and lymph nodes, note eslewhere classified",195501006,300830011,Lymph vessel infarction
"Diseases of veins, lymphatic vessels and lymph nodes, note eslewhere classified",195503009,300832015,Lymph vessel rupture
"Diseases of veins, lymphatic vessels and lymph nodes, note eslewhere classified",234109007,350757010,Lymphocele
"Diseases of veins, lymphatic vessels and lymph nodes, note eslewhere classified",444997000,2872761014,Infected lymphocele
"Diseases of veins, lymphatic vessels and lymph nodes, note eslewhere classified",266273006,395807016,Other noninfective lymphatic disorders NOS
"Diseases of veins, lymphatic vessels and lymph nodes, note eslewhere classified",266273006,395807016,Noninfective lymphatic disorder NOS
"Diseases of veins, lymphatic vessels and lymph nodes, note eslewhere classified",90507008,150007011,Disorder of vein
"Diseases of veins, lymphatic vessels and lymph nodes, note eslewhere classified",20427003,34363019,Postphlebitic syndrome
"Diseases of veins, lymphatic vessels and lymph nodes, note eslewhere classified",82582006,136990016,Stricture of vein
"Diseases of veins, lymphatic vessels and lymph nodes, note eslewhere classified",14540002,24706017,Compression of vein
"Diseases of veins, lymphatic vessels and lymph nodes, note eslewhere classified",423674003,2645973019,Chronic peripheral venous hypertension
"Diseases of veins, lymphatic vessels and lymph nodes, note eslewhere classified",20427003,3321079013,Postthrombotic syndrome
"Diseases of veins, lymphatic vessels and lymph nodes, note eslewhere classified",20696009,34827013,Chronic venous insufficiency
"Diseases of veins, lymphatic vessels and lymph nodes, note eslewhere classified",49601007,82610017,Venous collateral circulation NOS
"Diseases of veins, lymphatic vessels and lymph nodes, note eslewhere classified",195518005,300850010,Phlebosclerosis
"Diseases of veins, lymphatic vessels and lymph nodes, note eslewhere classified",195518005,2619508015,Venofibrosis
"Diseases of veins, lymphatic vessels and lymph nodes, note eslewhere classified",414171000000108,967351000000113,"[X]Diseases of veins, lymphatic vessels and lymph nodes, not elsewhere classified"
"Diseases of veins, lymphatic vessels and lymph nodes, note eslewhere classified",128060009,194654014,[X]Varicose veins of other specified sites
"Diseases of veins, lymphatic vessels and lymph nodes, note eslewhere classified",90507008,150007011,[X]Other specified disorders of veins
"Diseases of veins, lymphatic vessels and lymph nodes, note eslewhere classified",362971004,482103013,[X]Oth spcfd noninfectv disordrs/lymphatc vessls+lymph nodes
"Diseases of veins, lymphatic vessels and lymph nodes, note eslewhere classified",90507008,150007011,"[X]Disorder of vein, unspecified"
"Diseases of veins, lymphatic vessels and lymph nodes, note eslewhere classified",197260007,303366015,Intestinal lymphangiectasis
"Diseases of veins, lymphatic vessels and lymph nodes, note eslewhere classified",237345008,355723016,Varicose veins - obstetric
"Diseases of veins, lymphatic vessels and lymph nodes, note eslewhere classified",308134004,451448014,Varicose veins of legs in the puerperium
"Diseases of veins, lymphatic vessels and lymph nodes, note eslewhere classified",237347000,355726012,Perineal obstetric varicose veins
"Diseases of veins, lymphatic vessels and lymph nodes, note eslewhere classified",237346009,355724010,Vulval obstetric varicose veins
"Diseases of veins, lymphatic vessels and lymph nodes, note eslewhere classified",35498005,486191017,Gravitational eczema
"Diseases of veins, lymphatic vessels and lymph nodes, note eslewhere classified",201057001,308882012,Lymphoedematous keratoderma
"Diseases of veins, lymphatic vessels and lymph nodes, note eslewhere classified",45142002,75278011,Congenital pulmonary lymphangiectasis
"Diseases of veins, lymphatic vessels and lymph nodes, note eslewhere classified",268264007,400914015,Constriction ring with lymphoedema
"Diseases of veins, lymphatic vessels and lymph nodes, note eslewhere classified",205385004,314929018,Constriction ring of lower limb with lymphoedema
"Diseases of veins, lymphatic vessels and lymph nodes, note eslewhere classified",254199006,378402014,Hereditary lymphoedema
"Diseases of veins, lymphatic vessels and lymph nodes, note eslewhere classified",254199006,378402014,Hereditary trophoedema
"Diseases of veins, lymphatic vessels and lymph nodes, note eslewhere classified",399889006,1773470018,Hereditary lymphoedema type I
"Diseases of veins, lymphatic vessels and lymph nodes, note eslewhere classified",230325003,345153014,Meige's disease
"Diseases of veins, lymphatic vessels and lymph nodes, note eslewhere classified",205545009,315206013,Congenital elephantiasis
"Diseases of veins, lymphatic vessels and lymph nodes, note eslewhere classified",293567009,433788015,Adverse reaction to antivaricose drugs NOS
"Diseases of veins, lymphatic vessels and lymph nodes, note eslewhere classified",229510000,344053018,Lymphoedema bandaging
"Diseases of veins, lymphatic vessels and lymph nodes, note eslewhere classified",229488002,344025018,Lymphoedema massage
"Diseases of veins, lymphatic vessels and lymph nodes, note eslewhere classified",305565001,448025011,Under care of lymphoedema care nurse
"Diseases of veins, lymphatic vessels and lymph nodes, note eslewhere classified",306327003,449308010,Referral to lymphoedema care nurse
"Diseases of veins, lymphatic vessels and lymph nodes, note eslewhere classified",305742009,448266017,Seen by lymphoedema care nurse
"Diseases of veins, lymphatic vessels and lymph nodes, note eslewhere classified",306501004,449543012,Discharge by lymphoedema care nurse
"Diseases of veins, lymphatic vessels and lymph nodes, note eslewhere classified",161508001,251689017,H/O: Deep Vein Thrombosis
"Diseases of veins, lymphatic vessels and lymph nodes, note eslewhere classified",869611000000104,2247661000000111,On deep vein thrombosis care pathway
"Diseases of veins, lymphatic vessels and lymph nodes, note eslewhere classified",492161000000109,1152491000000116,Deep vein thrombosis enhanced services administration
"Diseases of veins, lymphatic vessels and lymph nodes, note eslewhere classified",503421000000105,1152451000000112,Deep vein thrombosis enhanced services administration stage 1 service level
"Diseases of veins, lymphatic vessels and lymph nodes, note eslewhere classified",503421000000105,1152451000000112,DVT enhanced services administration stage 1 service level
"Diseases of veins, lymphatic vessels and lymph nodes, note eslewhere classified",503451000000100,1152471000000115,Deep vein thrombosis enhanced services administration stage 2 service level
"Diseases of veins, lymphatic vessels and lymph nodes, note eslewhere classified",503481000000106,1152431000000117,Deep vein thrombosis enhanced services administration stage 3 service level
"Diseases of veins, lymphatic vessels and lymph nodes, note eslewhere classified",192753009,296931015,Phlebitis and thrombophlebitis of intracranial sinuses
"Diseases of veins, lymphatic vessels and lymph nodes, note eslewhere classified",14246007,1221072019,Embolism of central nervous system venous sinus
"Diseases of veins, lymphatic vessels and lymph nodes, note eslewhere classified",192754003,296932010,Embolism cavernous sinus
"Diseases of veins, lymphatic vessels and lymph nodes, note eslewhere classified",192755002,296933017,Embolism superior longitudinal sinus
"Diseases of veins, lymphatic vessels and lymph nodes, note eslewhere classified",192757005,296935012,Embolism transverse sinus
"Diseases of veins, lymphatic vessels and lymph nodes, note eslewhere classified",192759008,296937016,Cerebral venous sinus thrombosis
"Diseases of veins, lymphatic vessels and lymph nodes, note eslewhere classified",89980009,1235519010,Cerebral venous thrombosis of cavernous sinus
"Diseases of veins, lymphatic vessels and lymph nodes, note eslewhere classified",192760003,296938014,Thrombosis of superior longitudinal sinus
"Diseases of veins, lymphatic vessels and lymph nodes, note eslewhere classified",21258007,1222620011,Thrombosis lateral sinus
"Diseases of veins, lymphatic vessels and lymph nodes, note eslewhere classified",192761004,296939018,Thrombosis transverse sinus
"Diseases of veins, lymphatic vessels and lymph nodes, note eslewhere classified",192759008,296937016,Thrombosis of central nervous system venous sinus NOS
"Diseases of veins, lymphatic vessels and lymph nodes, note eslewhere classified",192769002,296947018,Thrombophlebitis of central nervous system venous sinuses
"Diseases of veins, lymphatic vessels and lymph nodes, note eslewhere classified",192770001,296948011,Thrombophlebitis of cavernous sinus
"Diseases of veins, lymphatic vessels and lymph nodes, note eslewhere classified",192771002,296949015,Thrombophlebitis of superior longitudinal venous sinus
"Diseases of veins, lymphatic vessels and lymph nodes, note eslewhere classified",192753009,296931015,Phlebitis or thrombophlebitis of CNS venous sinus NOS
"Diseases of veins, lymphatic vessels and lymph nodes, note eslewhere classified",59282003,98484016,Pulmonary embolism
"Diseases of veins, lymphatic vessels and lymph nodes, note eslewhere classified",438773007,2793990014,Recurrent pulmonary embolism
"Diseases of veins, lymphatic vessels and lymph nodes, note eslewhere classified",195229008,300392014,Non-pyogenic venous sinus thrombosis
"Diseases of veins, lymphatic vessels and lymph nodes, note eslewhere classified",195230003,300393016,"Cerebral infarction due to cerebral venous thrombosis, non-pyogenic"
"Diseases of veins, lymphatic vessels and lymph nodes, note eslewhere classified",95455008,1235913017,Cerebral vein thrombosis
"Diseases of veins, lymphatic vessels and lymph nodes, note eslewhere classified",266267005,395801015,Deep vein phlebitis and thrombophlebitis of the leg
"Diseases of veins, lymphatic vessels and lymph nodes, note eslewhere classified",128053003,194647015,Deep venous thrombosis
"Diseases of veins, lymphatic vessels and lymph nodes, note eslewhere classified",266267005,395801015,"Deep vein thrombosis, leg"
"Diseases of veins, lymphatic vessels and lymph nodes, note eslewhere classified",128053003,2162149016,Deep vein thrombosis
"Diseases of veins, lymphatic vessels and lymph nodes, note eslewhere classified",195410000,300672010,Thrombophlebitis of the femoral vein
"Diseases of veins, lymphatic vessels and lymph nodes, note eslewhere classified",195411001,300673017,Thrombophlebitis of the popliteal vein
"Diseases of veins, lymphatic vessels and lymph nodes, note eslewhere classified",195412008,300674011,Thrombophlebitis of the anterior tibial vein
"Diseases of veins, lymphatic vessels and lymph nodes, note eslewhere classified",770111009,3698589012,Thrombophlebitis of the dorsalis pedis vein
"Diseases of veins, lymphatic vessels and lymph nodes, note eslewhere classified",195414009,300676013,Thrombophlebitis of the posterior tibial vein
"Diseases of veins, lymphatic vessels and lymph nodes, note eslewhere classified",40198004,63532015,Thrombophlebitis of deep veins of lower extremity
"Diseases of veins, lymphatic vessels and lymph nodes, note eslewhere classified",134399007,216205019,Deep vein thrombosis of leg related to air travel
"Diseases of veins, lymphatic vessels and lymph nodes, note eslewhere classified",404223003,2162422011,Deep vein thrombosis of lower limb
"Diseases of veins, lymphatic vessels and lymph nodes, note eslewhere classified",413956008,2534187010,Deep vein thrombosis of leg related to intravenous drug use
"Diseases of veins, lymphatic vessels and lymph nodes, note eslewhere classified",443210003,1664901000000117,Deep vein thrombosis of peroneal vein
"Diseases of veins, lymphatic vessels and lymph nodes, note eslewhere classified",710167004,3043650017,Recurrent deep vein thrombosis
"Diseases of veins, lymphatic vessels and lymph nodes, note eslewhere classified",266267005,395801015,Deep vein phlebitis and thrombophlebitis of the leg NOS
"Diseases of veins, lymphatic vessels and lymph nodes, note eslewhere classified",276494008,412645018,Phlebitis and/or thrombophlebitis of iliac vein
"Diseases of veins, lymphatic vessels and lymph nodes, note eslewhere classified",195425000,300691010,Thrombophlebitis of the common iliac vein
"Diseases of veins, lymphatic vessels and lymph nodes, note eslewhere classified",195426004,300692015,Thrombophlebitis of the internal iliac vein
"Diseases of veins, lymphatic vessels and lymph nodes, note eslewhere classified",195427008,300695018,Thrombophlebitis of the external iliac vein
"Diseases of veins, lymphatic vessels and lymph nodes, note eslewhere classified",42861008,71531019,Thrombophlebitis of iliac vein
"Diseases of veins, lymphatic vessels and lymph nodes, note eslewhere classified",276494008,412645018,Phlebitis and thrombophlebitis of the iliac vein NOS
"Diseases of veins, lymphatic vessels and lymph nodes, note eslewhere classified",17920008,30273012,Portal vein thrombosis
"Diseases of veins, lymphatic vessels and lymph nodes, note eslewhere classified",82385007,136654014,Budd-Chiari syndrome
"Diseases of veins, lymphatic vessels and lymph nodes, note eslewhere classified",82385007,136654014,Hepatic vein thrombosis
"Diseases of veins, lymphatic vessels and lymph nodes, note eslewhere classified",195437003,300710016,Embolism and thrombosis of the vena cava
"Diseases of veins, lymphatic vessels and lymph nodes, note eslewhere classified",281595001,419640012,Thrombosis of inferior vena cava
"Diseases of veins, lymphatic vessels and lymph nodes, note eslewhere classified",195438008,300711017,Embolism and thrombosis of the renal vein
"Diseases of veins, lymphatic vessels and lymph nodes, note eslewhere classified",297156001,437622013,Axillary vein thrombosis
"Diseases of veins, lymphatic vessels and lymph nodes, note eslewhere classified",438647008,2795114019,Thrombosis of subclavian vein
"Diseases of veins, lymphatic vessels and lymph nodes, note eslewhere classified",864191000000104,2234371000000119,Thrombosis of internal jugular vein
"Diseases of veins, lymphatic vessels and lymph nodes, note eslewhere classified",864211000000100,2234411000000115,Thrombosis of external jugular vein
"Diseases of veins, lymphatic vessels and lymph nodes, note eslewhere classified",195394007,300649013,[X]Phlebitis+thrombophlebitis/oth deep vessls/low extremites
"Diseases of veins, lymphatic vessels and lymph nodes, note eslewhere classified",197001004,302981012,Superior mesenteric vein thrombosis
"Diseases of veins, lymphatic vessels and lymph nodes, note eslewhere classified",213220000,325066018,Postoperative deep vein thrombosis
"Diseases of veins, lymphatic vessels and lymph nodes, note eslewhere classified",161508001,2547692019,H/O: Deep vein thrombosis
"Diseases of veins, lymphatic vessels and lymph nodes, note eslewhere classified",161508001,2547692019,[V] Personal history DVT (deep vein thrombosis)
"Diseases of veins, lymphatic vessels and lymph nodes, note eslewhere classified",161512007,251693011,[V] Personal history of pulmonary embolism
